1,200.0
2,200.0
3,200.0
4,200.0
5,200.0
6,200.0
7,200.0
8,200.0
9,200.0
10,200.0
11,200.0
12,200.0
13,200.0
14,200.0
15,200.0
16,200.0
17,200.0
18,200.0
19,200.0
20,200.0
21,200.0
22,200.0
23,200.0
24,200.0
25,200.0
26,200.0
27,200.0
28,200.0
29,200.0
30,200.0
31,200.0
32,200.0
33,200.0
34,200.0
35,200.0
36,200.0
37,200.0
38,200.0
39,200.0
40,200.0
41,200.0
42,200.0
43,200.0
44,200.0
45,200.0
46,200.0
47,200.0
48,200.0
49,200.0
50,200.0
51,200.0
52,200.0
53,200.0
54,200.0
55,200.0
56,200.0
57,200.0
58,200.0
59,200.0
60,200.0
61,200.0
62,200.0
63,200.0
64,200.0
65,200.0
66,200.0
67,200.0
68,200.0
69,200.0
70,200.0
71,200.0
72,200.0
73,200.0
74,200.0
75,200.0
76,200.0
77,200.0
78,200.0
79,200.0
80,200.0
81,200.0
82,200.0
83,200.0
84,200.0
85,200.0
86,200.0
87,200.0
88,200.0
89,200.0
90,200.0
91,200.0
92,200.0
93,200.0
94,200.0
95,200.0
96,200.0
97,200.0
98,200.0
99,200.0
100,200.0
101,200.0
102,200.0
103,200.0
104,200.0
105,200.0
106,200.0
107,200.0
108,200.0
109,200.0
110,200.0
111,200.0
112,200.0
113,200.0
114,200.0
115,200.0
116,200.0
117,200.0
118,200.0
119,200.0
120,200.0
121,135.6
122,131.1
123,126.7
124,122.3
125,117.8
126,113.4
127,109.0
128,104.5
129,100.1
130,95.7
131,91.2
132,86.8
133,82.4
134,77.9
135,73.5
136,69.1
137,64.6
138,60.2
139,55.8
140,51.3
141,46.9
142,42.5
143,38.0
144,33.6
145,29.2
146,24.7
147,20.3
148,15.9
149,11.4
150,7.0
151,7.0
152,3.0
153,3.0
154,3.0
155,3.0
156,3.0
157,3.0
158,3.0
159,3.0
160,3.0
161,3.0
162,3.0
163,3.0
164,3.0
165,3.0
166,3.0
167,3.0
168,3.0
169,3.0
170,3.0
171,3.0
172,3.0
173,3.0
174,3.0
175,3.0
176,3.0
177,3.0
178,3.0
179,3.0
180,3.0
181,3.0
182,0.6
183,0.6
184,0.6
185,0.6
186,0.6
187,0.6
188,0.6
189,0.6
190,0.6
191,0.6
192,0.6
193,0.6
194,0.6
195,0.6
196,0.6
197,0.6
198,0.6
199,0.6
200,0.6
201,0.6
202,0.6
203,0.6
204,0.6
205,0.6
206,0.6
207,0.6
208,0.6
209,0.6
210,0.6
211,0.6
212,0.6
213,0.6
214,0.6
215,0.6
216,0.6
217,0.6
218,0.6
219,0.6
220,0.6
221,0.6
222,0.6
223,0.6
224,0.6
225,0.6
226,0.6
227,0.6
228,0.6
229,0.6
230,0.6
231,0.6
232,0.6
233,0.6
234,0.6
235,0.6
236,0.6
237,0.6
238,0.6
239,0.6
240,0.6
241,0.6
242,0.6
243,0.6
244,0.6
245,0.6
246,0.6
247,0.6
248,0.6
249,0.6
250,0.6
251,0.6
252,0.6
253,0.6
254,0.6
255,0.6
256,0.6
257,0.6
258,0.6
259,0.6
260,0.6
261,0.6
262,0.6
263,0.6
264,0.6
265,0.6
266,0.6
267,0.6
268,0.6
269,0.6
270,0.6
271,1.0
272,1.4
273,1.7
274,2.1
275,2.5
276,2.9
277,3.3
278,3.6
279,4.0
280,4.4
281,4.8
282,5.2
283,5.5
284,5.9
285,6.3
286,6.7
287,7.1
288,7.4
289,7.8
290,8.2
291,8.6
292,9.0
293,9.3
294,9.7
295,10.1
296,10.5
297,10.9
298,11.2
299,11.6
300,12.0
301,12.0
302,12.0
303,12.0
304,12.0
305,40.0
306,40.0
307,40.0
308,40.0
309,40.0
310,40.0
311,40.0
312,40.0
313,40.0
314,40.0
315,40.0
316,40.0
317,40.0
318,40.0
319,40.0
320,40.0
321,40.0
322,40.0
323,40.0
324,40.0
325,40.0
326,40.0
327,40.0
328,40.0
329,40.0
330,40.0
331,40.0
332,40.0
333,40.0
334,40.0
335,100.0
336,100.0
337,100.0
338,100.0
339,100.0
340,100.0
341,100.0
342,100.0
343,100.0
344,100.0
345,100.0
346,100.0
347,100.0
348,100.0
349,100.0
350,100.0
351,100.0
352,100.0
353,100.0
354,100.0
355,100.0
356,100.0
357,100.0
358,100.0
359,100.0
360,100.0
361,100.0
362,100.0
363,100.0
364,100.0
365,100.0
366,200.0
367,200.0
368,200.0
369,200.0
370,200.0
371,200.0
372,200.0
373,200.0
374,200.0
375,200.0
376,200.0
377,200.0
378,200.0
379,200.0
380,200.0
381,200.0
382,200.0
383,200.0
384,200.0
385,200.0
386,200.0
387,200.0
388,200.0
389,200.0
390,200.0
391,200.0
392,200.0
393,200.0
394,200.0
395,200.0
396,200.0
397,200.0
398,200.0
399,200.0
400,200.0
401,200.0
402,200.0
403,200.0
404,200.0
405,200.0
406,200.0
407,200.0
408,200.0
409,200.0
410,200.0
411,200.0
412,200.0
413,200.0
414,200.0
415,200.0
416,200.0
417,200.0
418,200.0
419,200.0
420,200.0
421,200.0
422,200.0
423,200.0
424,200.0
425,200.0
426,200.0
427,200.0
428,200.0
429,200.0
430,200.0
431,200.0
432,200.0
433,200.0
434,200.0
435,200.0
436,200.0
437,200.0
438,200.0
439,200.0
440,200.0
441,200.0
442,200.0
443,200.0
444,200.0
445,200.0
446,200.0
447,200.0
448,200.0
449,200.0
450,200.0
451,200.0
452,200.0
453,200.0
454,200.0
455,200.0
456,200.0
457,200.0
458,200.0
459,200.0
460,200.0
461,200.0
462,200.0
463,200.0
464,200.0
465,200.0
466,200.0
467,200.0
468,200.0
469,200.0
470,200.0
471,200.0
472,200.0
473,200.0
474,200.0
475,200.0
476,200.0
477,200.0
478,200.0
479,200.0
480,200.0
481,200.0
482,200.0
483,200.0
484,200.0
485,200.0
486,135.6
487,131.1
488,126.7
489,122.3
490,117.8
491,113.4
492,109.0
493,104.5
494,100.1
495,95.7
496,91.2
497,86.8
498,82.4
499,77.9
500,73.5
501,69.1
502,64.6
503,60.2
504,55.8
505,51.3
506,46.9
507,42.5
508,38.0
509,33.6
510,29.2
511,24.7
512,20.3
513,15.9
514,11.4
515,7.0
516,7.0
517,3.0
518,3.0
519,3.0
520,3.0
521,3.0
522,3.0
523,3.0
524,3.0
525,3.0
526,3.0
527,3.0
528,3.0
529,3.0
530,3.0
531,3.0
532,3.0
533,3.0
534,3.0
535,3.0
536,3.0
537,3.0
538,3.0
539,3.0
540,3.0
541,3.0
542,3.0
543,3.0
544,3.0
545,3.0
546,3.0
547,0.6
548,0.6
549,0.6
550,0.6
551,0.6
552,0.6
553,0.6
554,0.6
555,0.6
556,0.6
557,0.6
558,0.6
559,0.6
560,0.6
561,0.6
562,0.6
563,0.6
564,0.6
565,0.6
566,0.6
567,0.6
568,0.6
569,0.6
570,0.6
571,0.6
572,0.6
573,0.6
574,0.6
575,0.6
576,0.6
577,0.6
578,0.6
579,0.6
580,0.6
581,0.6
582,0.6
583,0.6
584,0.6
585,0.6
586,0.6
587,0.6
588,0.6
589,0.6
590,0.6
591,0.6
592,0.6
593,0.6
594,0.6
595,0.6
596,0.6
597,0.6
598,0.6
599,0.6
600,0.6
601,0.6
602,0.6
603,0.6
604,0.6
605,0.6
606,0.6
607,0.6
608,0.6
609,0.6
610,0.6
611,0.6
612,0.6
613,0.6
614,0.6
615,0.6
616,0.6
617,0.6
618,0.6
619,0.6
620,0.6
621,0.6
622,0.6
623,0.6
624,0.6
625,0.6
626,0.6
627,0.6
628,0.6
629,0.6
630,0.6
631,0.6
632,0.6
633,0.6
634,0.6
635,0.6
636,1.0
637,1.4
638,1.7
639,2.1
640,2.5
641,2.9
642,3.3
643,3.6
644,4.0
645,4.4
646,4.8
647,5.2
648,5.5
649,5.9
650,6.3
651,6.7
652,7.1
653,7.4
654,7.8
655,8.2
656,8.6
657,9.0
658,9.3
659,9.7
660,10.1
661,10.5
662,10.9
663,11.2
664,11.6
665,12.0
666,12.0
667,12.0
668,12.0
669,12.0
670,40.0
671,40.0
672,40.0
673,40.0
674,40.0
675,40.0
676,40.0
677,40.0
678,40.0
679,40.0
680,40.0
681,40.0
682,40.0
683,40.0
684,40.0
685,40.0
686,40.0
687,40.0
688,40.0
689,40.0
690,40.0
691,40.0
692,40.0
693,40.0
694,40.0
695,40.0
696,40.0
697,40.0
698,40.0
699,40.0
700,100.0
701,100.0
702,100.0
703,100.0
704,100.0
705,100.0
706,100.0
707,100.0
708,100.0
709,100.0
710,100.0
711,100.0
712,100.0
713,100.0
714,100.0
715,100.0
716,100.0
717,100.0
718,100.0
719,100.0
720,100.0
721,100.0
722,100.0
723,100.0
724,100.0
725,100.0
726,100.0
727,100.0
728,100.0
729,100.0
730,100.0
731,200.0
732,200.0
733,200.0
734,200.0
735,200.0
736,200.0
737,200.0
738,200.0
739,200.0
740,200.0
741,200.0
742,200.0
743,200.0
744,200.0
745,200.0
746,200.0
747,200.0
748,200.0
749,200.0
750,200.0
751,200.0
752,200.0
753,200.0
754,200.0
755,200.0
756,200.0
757,200.0
758,200.0
759,200.0
760,200.0
761,200.0
762,200.0
763,200.0
764,200.0
765,200.0
766,200.0
767,200.0
768,200.0
769,200.0
770,200.0
771,200.0
772,200.0
773,200.0
774,200.0
775,200.0
776,200.0
777,200.0
778,200.0
779,200.0
780,200.0
781,200.0
782,200.0
783,200.0
784,200.0
785,200.0
786,200.0
787,200.0
788,200.0
789,200.0
790,200.0
791,200.0
792,200.0
793,200.0
794,200.0
795,200.0
796,200.0
797,200.0
798,200.0
799,200.0
800,200.0
801,200.0
802,200.0
803,200.0
804,200.0
805,200.0
806,200.0
807,200.0
808,200.0
809,200.0
810,200.0
811,200.0
812,200.0
813,200.0
814,200.0
815,200.0
816,200.0
817,200.0
818,200.0
819,200.0
820,200.0
821,200.0
822,200.0
823,200.0
824,200.0
825,200.0
826,200.0
827,200.0
828,200.0
829,200.0
830,200.0
831,200.0
832,200.0
833,200.0
834,200.0
835,200.0
836,200.0
837,200.0
838,200.0
839,200.0
840,200.0
841,200.0
842,200.0
843,200.0
844,200.0
845,200.0
846,200.0
847,200.0
848,200.0
849,200.0
850,200.0
851,135.6
852,131.1
853,126.7
854,122.3
855,117.8
856,113.4
857,109.0
858,104.5
859,100.1
860,95.7
861,91.2
862,86.8
863,82.4
864,77.9
865,73.5
866,69.1
867,64.6
868,60.2
869,55.8
870,51.3
871,46.9
872,42.5
873,38.0
874,33.6
875,29.2
876,24.7
877,20.3
878,15.9
879,11.4
880,7.0
881,7.0
882,3.0
883,3.0
884,3.0
885,3.0
886,3.0
887,3.0
888,3.0
889,3.0
890,3.0
891,3.0
892,3.0
893,3.0
894,3.0
895,3.0
896,3.0
897,3.0
898,3.0
899,3.0
900,3.0
901,3.0
902,3.0
903,3.0
904,3.0
905,3.0
906,3.0
907,3.0
908,3.0
909,3.0
910,3.0
911,3.0
912,0.6
913,0.6
914,0.6
915,0.6
916,0.6
917,0.6
918,0.6
919,0.6
920,0.6
921,0.6
922,0.6
923,0.6
924,0.6
925,0.6
926,0.6
927,0.6
928,0.6
929,0.6
930,0.6
931,0.6
932,0.6
933,0.6
934,0.6
935,0.6
936,0.6
937,0.6
938,0.6
939,0.6
940,0.6
941,0.6
942,0.6
943,0.6
944,0.6
945,0.6
946,0.6
947,0.6
948,0.6
949,0.6
950,0.6
951,0.6
952,0.6
953,0.6
954,0.6
955,0.6
956,0.6
957,0.6
958,0.6
959,0.6
960,0.6
961,0.6
962,0.6
963,0.6
964,0.6
965,0.6
966,0.6
967,0.6
968,0.6
969,0.6
970,0.6
971,0.6
972,0.6
973,0.6
974,0.6
975,0.6
976,0.6
977,0.6
978,0.6
979,0.6
980,0.6
981,0.6
982,0.6
983,0.6
984,0.6
985,0.6
986,0.6
987,0.6
988,0.6
989,0.6
990,0.6
991,0.6
992,0.6
993,0.6
994,0.6
995,0.6
996,0.6
997,0.6
998,0.6
999,0.6
1000,0.6
1001,1.0
1002,1.4
1003,1.7
1004,2.1
1005,2.5
1006,2.9
1007,3.3
1008,3.6
1009,4.0
1010,4.4
1011,4.8
1012,5.2
1013,5.5
1014,5.9
1015,6.3
1016,6.7
1017,7.1
1018,7.4
1019,7.8
1020,8.2
1021,8.6
1022,9.0
1023,9.3
1024,9.7
1025,10.1
1026,10.5
1027,10.9
1028,11.2
1029,11.6
1030,12.0
1031,12.0
1032,12.0
1033,12.0
1034,12.0
1035,40.0
1036,40.0
1037,40.0
1038,40.0
1039,40.0
1040,40.0
1041,40.0
1042,40.0
1043,40.0
1044,40.0
1045,40.0
1046,40.0
1047,40.0
1048,40.0
1049,40.0
1050,40.0
1051,40.0
1052,40.0
1053,40.0
1054,40.0
1055,40.0
1056,40.0
1057,40.0
1058,40.0
1059,40.0
1060,40.0
1061,40.0
1062,40.0
1063,40.0
1064,40.0
1065,100.0
1066,100.0
1067,100.0
1068,100.0
1069,100.0
1070,100.0
1071,100.0
1072,100.0
1073,100.0
1074,100.0
1075,100.0
1076,100.0
1077,100.0
1078,100.0
1079,100.0
1080,100.0
1081,100.0
1082,100.0
1083,100.0
1084,100.0
1085,100.0
1086,100.0
1087,100.0
1088,100.0
1089,100.0
1090,100.0
1091,100.0
1092,100.0
1093,100.0
1094,100.0
1095,100.0
1096,200.0
1097,200.0
1098,200.0
1099,200.0
1100,200.0
1101,200.0
1102,200.0
1103,200.0
1104,200.0
1105,200.0
1106,200.0
1107,200.0
1108,200.0
1109,200.0
1110,200.0
1111,200.0
1112,200.0
1113,200.0
1114,200.0
1115,200.0
1116,200.0
1117,200.0
1118,200.0
1119,200.0
1120,200.0
1121,200.0
1122,200.0
1123,200.0
1124,200.0
1125,200.0
1126,200.0
1127,200.0
1128,200.0
1129,200.0
1130,200.0
1131,200.0
1132,200.0
1133,200.0
1134,200.0
1135,200.0
1136,200.0
1137,200.0
1138,200.0
1139,200.0
1140,200.0
1141,200.0
1142,200.0
1143,200.0
1144,200.0
1145,200.0
1146,200.0
1147,200.0
1148,200.0
1149,200.0
1150,200.0
1151,200.0
1152,200.0
1153,200.0
1154,200.0
1155,200.0
1156,200.0
1157,200.0
1158,200.0
1159,200.0
1160,200.0
1161,200.0
1162,200.0
1163,200.0
1164,200.0
1165,200.0
1166,200.0
1167,200.0
1168,200.0
1169,200.0
1170,200.0
1171,200.0
1172,200.0
1173,200.0
1174,200.0
1175,200.0
1176,200.0
1177,200.0
1178,200.0
1179,200.0
1180,200.0
1181,200.0
1182,200.0
1183,200.0
1184,200.0
1185,200.0
1186,200.0
1187,200.0
1188,200.0
1189,200.0
1190,200.0
1191,200.0
1192,200.0
1193,200.0
1194,200.0
1195,200.0
1196,200.0
1197,200.0
1198,200.0
1199,200.0
1200,200.0
1201,200.0
1202,200.0
1203,200.0
1204,200.0
1205,200.0
1206,200.0
1207,200.0
1208,200.0
1209,200.0
1210,200.0
1211,200.0
1212,200.0
1213,200.0
1214,200.0
1215,200.0
1216,193.7
1217,131.1
1218,126.7
1219,122.3
1220,117.8
1221,113.4
1222,109.0
1223,104.5
1224,100.1
1225,95.7
1226,91.2
1227,86.8
1228,82.4
1229,77.9
1230,73.5
1231,69.1
1232,64.6
1233,60.2
1234,55.8
1235,51.3
1236,46.9
1237,42.5
1238,38.0
1239,33.6
1240,29.2
1241,24.7
1242,20.3
1243,15.9
1244,11.4
1245,7.0
1246,7.0
1247,7.0
1248,3.0
1249,3.0
1250,3.0
1251,3.0
1252,3.0
1253,3.0
1254,3.0
1255,3.0
1256,3.0
1257,3.0
1258,3.0
1259,3.0
1260,3.0
1261,3.0
1262,3.0
1263,3.0
1264,3.0
1265,3.0
1266,3.0
1267,3.0
1268,3.0
1269,3.0
1270,3.0
1271,3.0
1272,3.0
1273,3.0
1274,3.0
1275,3.0
1276,3.0
1277,3.0
1278,0.6
1279,0.6
1280,0.6
1281,0.6
1282,0.6
1283,0.6
1284,0.6
1285,0.6
1286,0.6
1287,0.6
1288,0.6
1289,0.6
1290,0.6
1291,0.6
1292,0.6
1293,0.6
1294,0.6
1295,0.6
1296,0.6
1297,0.6
1298,0.6
1299,0.6
1300,0.6
1301,0.6
1302,0.6
1303,0.6
1304,0.6
1305,0.6
1306,0.6
1307,0.6
1308,0.6
1309,0.6
1310,0.6
1311,0.6
1312,0.6
1313,0.6
1314,0.6
1315,0.6
1316,0.6
1317,0.6
1318,0.6
1319,0.6
1320,0.6
1321,0.6
1322,0.6
1323,0.6
1324,0.6
1325,0.6
1326,0.6
1327,0.6
1328,0.6
1329,0.6
1330,0.6
1331,0.6
1332,0.6
1333,0.6
1334,0.6
1335,0.6
1336,0.6
1337,0.6
1338,0.6
1339,0.6
1340,0.6
1341,0.6
1342,0.6
1343,0.6
1344,0.6
1345,0.6
1346,0.6
1347,0.6
1348,0.6
1349,0.6
1350,0.6
1351,0.6
1352,0.6
1353,0.6
1354,0.6
1355,0.6
1356,0.6
1357,0.6
1358,0.6
1359,0.6
1360,0.6
1361,0.6
1362,0.6
1363,0.6
1364,0.6
1365,0.6
1366,1.0
1367,1.4
1368,1.7
1369,2.1
1370,2.5
1371,2.9
1372,3.3
1373,3.6
1374,4.0
1375,4.4
1376,4.8
1377,5.2
1378,5.5
1379,5.9
1380,6.3
1381,6.7
1382,7.1
1383,7.4
1384,7.8
1385,8.2
1386,8.6
1387,9.0
1388,9.3
1389,9.7
1390,10.1
1391,10.5
1392,10.9
1393,11.2
1394,11.6
1395,12.0
1396,12.0
1397,12.0
1398,12.0
1399,12.0
1400,12.0
1401,40.0
1402,40.0
1403,40.0
1404,40.0
1405,40.0
1406,40.0
1407,40.0
1408,40.0
1409,40.0
1410,40.0
1411,40.0
1412,40.0
1413,40.0
1414,40.0
1415,40.0
1416,40.0
1417,40.0
1418,40.0
1419,40.0
1420,40.0
1421,40.0
1422,40.0
1423,40.0
1424,40.0
1425,40.0
1426,40.0
1427,40.0
1428,40.0
1429,40.0
1430,40.0
1431,100.0
1432,100.0
1433,100.0
1434,100.0
1435,100.0
1436,100.0
1437,100.0
1438,100.0
1439,100.0
1440,100.0
1441,100.0
1442,100.0
1443,100.0
1444,100.0
1445,100.0
1446,100.0
1447,100.0
1448,100.0
1449,100.0
1450,100.0
1451,100.0
1452,100.0
1453,100.0
1454,100.0
1455,100.0
1456,100.0
1457,100.0
1458,100.0
1459,100.0
1460,100.0
1461,100.0
