0,0.326
1,1.136
2,1.735
3,1.938
4,1.615
5,0.959
6,0.126
7,-0.805
8,-1.552
9,-1.871
10,-1.817
11,-1.333
12,-0.563
13,0.183
14,0.851
15,1.224
16,1.138
17,0.715
18,-0.052
19,-0.871
20,-1.444
21,-1.827
22,-1.722
23,-1.25
24,-0.398
25,0.56
26,1.348
27,1.903
28,1.942
29,1.557
30,0.785
31,-0.091
32,-1.056
33,-1.741
34,-1.935
35,-1.794
36,-1.164
37,-0.419
38,0.419
39,1.077
40,1.341
41,1.143
42,0.574
43,-0.223
44,-1.071
45,-1.664
46,-1.905
47,-1.664
48,-1.077
49,-0.259
50,0.749
51,1.509
52,1.928
53,1.937
54,1.467
55,0.646
56,-0.364
57,-1.215
58,-1.77
59,-1.904
60,-1.657
61,-1.003
62,-0.206
63,0.578
64,1.181
65,1.359
66,1.055
67,0.475
68,-0.347
69,-1.158
70,-1.681
71,-1.818
72,-1.602
73,-0.907
74,-0.153
75,0.854
76,1.541
77,1.875
78,1.785
79,1.2
80,0.436
81,-0.459
82,-1.217
83,-1.763
84,-1.845
85,-1.496
86,-0.798
87,-0.023
88,0.675
89,1.174
90,1.256
91,0.98
92,0.314
93,-0.444
94,-1.168
95,-1.685
96,-1.749
97,-1.461
98,-0.836
99,-0.015
100,0.776
101,1.431
102,1.709
103,1.558
104,1.063
105,0.315
106,-0.472
107,-1.221
108,-1.623
109,-1.655
110,-1.361
111,-0.681
112,0.051
113,0.771
114,1.092
115,1.161
116,0.848
117,0.234
118,-0.403
119,-1.066
120,-1.492
121,-1.634
122,-1.291
123,-0.799
124,0.004
125,0.784
126,1.234
127,1.478
128,1.361
129,0.876
130,0.163
131,-0.52
132,-1.159
133,-1.453
134,-1.494
135,-1.091
136,-0.596
137,0.072
138,0.681
139,0.972
140,1.058
141,0.814
142,0.205
143,-0.376
144,-0.961
145,-1.335
146,-1.49
147,-1.265
148,-0.712
149,-0.072
150,0.569
151,1.055
152,1.235
153,1.153
154,0.756
155,0.137
156,-0.421
157,-0.99
158,-1.335
159,-1.277
160,-1.032
161,-0.475
162,0.123
163,0.585
164,0.963
165,0.996
166,0.77
167,0.337
168,-0.303
169,-0.862
170,-1.243
171,-1.359
172,-1.165
173,-0.734
174,-0.172
175,0.417
176,0.837
177,1.09
178,0.965
179,0.721
180,0.148
181,-0.456
182,-0.933
183,-1.153
184,-1.174
185,-0.88
186,-0.424
187,0.104
188,0.571
189,0.864
190,0.955
191,0.783
192,0.333
193,-0.257
194,-0.743
195,-1.119
196,-1.302
197,-1.145
198,-0.784
199,-0.308
200,0.27
201,0.701
202,0.93
203,0.881
204,0.514
205,0.064
206,-0.407
207,-0.841
208,-1.084
209,-0.972
210,-0.805
211,-0.332
212,0.197
213,0.669
214,0.946
215,1.032
216,0.771
217,0.352
218,-0.208
219,-0.728
220,-1.056
221,-1.34
222,-1.151
223,-0.869
224,-0.335
225,0.235
226,0.619
227,0.789
228,0.746
229,0.493
230,-0.007
231,-0.478
232,-0.892
233,-1.121
234,-0.985
235,-0.723
236,-0.312
237,0.309
238,0.766
239,1.099
240,1.067
241,0.825
242,0.359
243,-0.222
244,-0.844
245,-1.214
246,-1.359
247,-1.22
248,-0.762
249,-0.277
250,0.204
251,0.669
252,0.875
253,0.739
254,0.319
255,-0.141
256,-0.594
257,-1.035
258,-1.15
259,-1.007
260,-0.666
261,-0.079
262,0.421
263,0.969
264,1.236
265,1.147
266,0.878
267,0.215
268,-0.408
269,-0.973
270,-1.306
271,-1.473
272,-1.172
273,-0.744
274,-0.195
275,0.391
276,0.75
277,0.823
278,0.648
279,0.202
280,-0.334
281,-0.836
282,-1.149
283,-1.293
284,-0.941
285,-0.551
286,0.158
287,0.819
288,1.273
289,1.414
290,1.25
291,0.758
292,0.074
293,-0.6
294,-1.2
295,-1.548
296,-1.479
297,-1.155
298,-0.573
299,0.061
300,0.562
301,0.876
302,0.904
303,0.578
304,0.013
305,-0.603
306,-1.092
307,-1.424
308,-1.331
309,-0.956
310,-0.306
311,0.484
312,1.144
313,1.562
314,1.637
315,1.278
316,0.669
317,-0.152
318,-0.898
319,-1.472
320,-1.69
321,-1.522
322,-1.083
323,-0.32
324,0.278
325,0.794
326,1.081
327,0.926
328,0.455
329,-0.208
330,-0.906
331,-1.439
332,-1.599
333,-1.424
334,-0.824
335,-0.075
336,0.731
337,1.416
338,1.784
339,1.686
340,1.205
341,0.47
342,-0.409
343,-1.214
344,-1.715
345,-1.802
346,-1.554
347,-0.936
348,-0.147
349,0.583
350,1.072
351,1.213
352,0.908
353,0.274
354,-0.481
355,-1.221
356,-1.658
357,-1.751
358,-1.398
359,-0.743
360,0.182
361,1.081
362,1.67
363,1.937
364,1.744
365,1.101
366,0.246
367,-0.688
368,-1.447
369,-1.89
370,-1.848
371,-1.399
372,-0.643
373,0.167
374,0.908
375,1.22
376,1.26
377,0.824
378,0.173
379,-0.737
380,-1.446
381,-1.843
382,-1.87
383,-1.368
384,-0.585
385,0.384
386,1.254
387,1.879
388,2.0
389,1.636
390,0.916
391,0.026
392,-0.957
393,-1.566
394,-1.903
395,-1.816
396,-1.314
397,-0.428
398,0.366
399,1.069
400,1.299
401,1.215
402,0.722
403,-0.052
404,-0.902
405,-1.544
406,-1.926
407,-1.79
408,-1.248
409,-0.398
410,0.552
411,1.318
412,1.805
413,1.945
414,1.516
415,0.725
416,-0.14
417,-1.065
418,-1.654
419,-1.905
420,-1.619
421,-1.028
422,-0.278
423,0.567
424,1.154
425,1.407
426,1.146
427,0.633
428,-0.144
429,-1.036
430,-1.636
431,-1.925
432,-1.704
433,-1.11
434,-0.255
435,0.599
436,1.392
437,1.719
438,1.696
439,1.308
440,0.569
441,-0.327
442,-1.188
443,-1.657
444,-1.828
445,-1.489
446,-0.887
447,-0.146
448,0.614
449,1.119
450,1.314
451,1.113
452,0.488
453,-0.223
454,-1.005
455,-1.566
456,-1.756
457,-1.596
458,-1.036
459,-0.281
460,0.629
461,1.23
462,1.554
463,1.533
464,1.096
465,0.395
466,-0.377
467,-1.074
468,-1.553
469,-1.632
470,-1.33
471,-0.808
472,-0.066
473,0.692
474,1.153
475,1.22
476,1.009
477,0.468
478,-0.144
479,-0.884
480,-1.418
481,-1.628
482,-1.477
483,-0.934
484,-0.277
485,0.421
486,1.02
487,1.304
488,1.336
489,0.931
490,0.291
491,-0.358
492,-1.005
493,-1.402
494,-1.379
495,-1.131
496,-0.649
497,0.022
498,0.6
499,0.987
500,1.164
501,0.98
502,0.401
503,-0.166
504,-0.82
505,-1.274
506,-1.464
507,-1.344
508,-0.906
509,-0.341
510,0.319
511,0.82
512,1.086
513,1.038
514,0.731
515,0.247
516,-0.359
517,-0.926
518,-1.214
519,-1.234
520,-1.057
521,-0.515
522,0.03
523,0.612
524,0.944
525,1.022
526,0.845
527,0.467
528,-0.098
529,-0.709
530,-1.106
531,-1.381
532,-1.256
533,-0.952
534,-0.423
535,0.158
536,0.6
537,0.88
538,0.923
539,0.615
540,0.207
541,-0.379
542,-0.796
543,-1.057
544,-1.209
545,-0.929
546,-0.447
547,0.074
548,0.606
549,0.936
550,1.07
551,0.901
552,0.539
553,-0.035
554,-0.596
555,-1.065
556,-1.295
557,-1.252
558,-0.934
559,-0.491
560,0.055
561,0.559
562,0.788
563,0.769
564,0.585
565,0.122
566,-0.416
567,-0.819
568,-1.108
569,-1.081
570,-0.832
571,-0.34
572,0.161
573,0.654
574,1.036
575,1.048
576,0.948
577,0.549
578,-0.078
579,-0.574
580,-1.055
581,-1.311
582,-1.242
583,-0.901
584,-0.496
585,0.027
586,0.448
587,0.689
588,0.742
589,0.447
590,0.053
591,-0.449
592,-0.836
593,-1.07
594,-1.023
595,-0.783
596,-0.29
597,0.259
598,0.792
599,1.15
600,1.224
601,0.946
602,0.528
603,-0.065
604,-0.695
605,-1.107
606,-1.396
607,-1.329
608,-1.004
609,-0.399
610,0.115
611,0.525
612,0.75
613,0.652
614,0.454
615,-0.087
616,-0.593
617,-0.974
618,-1.157
619,-1.058
620,-0.71
621,-0.106
622,0.557
623,1.063
624,1.363
625,1.285
626,0.944
627,0.403
628,-0.267
629,-0.863
630,-1.38
631,-1.426
632,-1.305
633,-0.881
634,-0.324
635,0.219
636,0.698
637,0.817
638,0.62
639,0.212
640,-0.307
641,-0.782
642,-1.21
643,-1.342
644,-1.079
645,-0.577
646,0.019
647,0.771
648,1.278
649,1.527
650,1.431
651,0.95
652,0.225
653,-0.546
654,-1.071
655,-1.523
656,-1.56
657,-1.26
658,-0.703
659,-0.064
660,0.499
661,0.85
662,0.899
663,0.594
664,0.054
665,-0.554
666,-1.122
667,-1.39
668,-1.499
669,-1.02
670,-0.371
671,0.3
672,1.063
673,1.539
674,1.628
675,1.374
676,0.758
677,0.047
678,-0.778
679,-1.381
680,-1.683
681,-1.638
682,-1.171
683,-0.469
684,0.193
685,0.817
686,1.057
687,0.954
688,0.547
689,-0.123
690,-0.854
691,-1.365
692,-1.681
693,-1.488
694,-0.973
695,-0.225
696,0.647
697,1.321
698,1.799
699,1.764
700,1.332
701,0.636
702,-0.304
703,-1.145
704,-1.708
705,-1.812
706,-1.62
707,-0.937
708,-0.278
709,0.584
710,1.066
711,1.222
712,0.971
713,0.419
714,-0.363
715,-1.08
716,-1.641
717,-1.8
718,-1.546
719,-0.89
720,-0.003
721,0.832
722,1.54
723,1.929
724,1.785
725,1.221
726,0.38
727,-0.546
728,-1.372
729,-1.854
730,-1.868
731,-1.516
732,-0.768
733,0.006
734,0.835
735,1.28
736,1.33
737,0.987
738,0.317
739,-0.537
740,-1.383
741,-1.848
742,-1.896
743,-1.5
744,-0.745
745,0.147
746,1.068
747,1.68
748,1.915
749,1.653
750,1.02
751,0.108
752,-0.814
753,-1.495
754,-1.93
755,-1.748
756,-1.319
757,-0.551
758,0.272
759,1.029
760,1.372
761,1.349
762,0.964
763,0.13
764,-0.688
765,-1.476
766,-1.874
767,-1.808
768,-1.432
769,-0.578
770,0.316
771,1.126
772,1.725
773,1.876
774,1.551
775,0.795
776,-0.076
777,-0.945
778,-1.596
779,-1.848
780,-1.695
781,-1.186
782,-0.34
783,0.494
784,1.139
785,1.456
786,1.329
787,0.81
788,0.026
789,-0.851
790,-1.468
791,-1.83
792,-1.764
793,-1.338
794,-0.565
795,0.375
796,1.114
797,1.615
798,1.669
799,1.321
800,0.668
801,-0.217
802,-0.996
803,-1.571
804,-1.758
805,-1.532
806,-0.948
807,-0.204
808,0.614
809,1.122
810,1.378
811,1.21
812,0.754
813,-0.02
814,-0.768
815,-1.46
816,-1.712
817,-1.611
818,-1.186
819,-0.449
820,0.293
821,1.032
822,1.465
823,1.421
824,1.081
825,0.514
826,-0.234
827,-0.991
828,-1.454
829,-1.576
830,-1.368
831,-0.814
832,-0.112
833,0.584
834,1.109
835,1.308
836,1.181
837,0.623
838,0.006
839,-0.733
840,-1.287
841,-1.544
842,-1.531
843,-1.093
844,-0.481
845,0.22
846,0.808
847,1.227
848,1.164
849,0.873
850,0.329
851,-0.318
852,-0.915
853,-1.251
854,-1.336
855,-1.167
856,-0.682
857,-0.01
858,0.576
859,1.061
860,1.219
861,1.019
862,0.679
863,0.077
864,-0.636
865,-1.148
866,-1.403
867,-1.372
868,-1.043
869,-0.475
870,0.06
871,0.568
872,0.876
873,0.942
874,0.726
875,0.324
876,-0.301
877,-0.793
878,-1.139
879,-1.181
880,-0.934
881,-0.582
882,-0.008
883,0.601
884,1.007
885,1.21
886,1.049
887,0.635
888,0.105
889,-0.479
890,-0.988
891,-1.286
892,-1.283
893,-1.024
894,-0.563
895,-0.047
896,0.414
897,0.738
898,0.838
899,0.589
900,0.232
901,-0.283
902,-0.731
903,-1.0
904,-1.103
905,-0.914
906,-0.54
907,0.063
908,0.597
909,1.045
910,1.139
911,1.045
912,0.68
913,0.181
914,-0.457
915,-0.948
916,-1.241
917,-1.294
918,-1.09
919,-0.65
920,-0.114
921,0.292
922,0.636
923,0.688
924,0.574
925,0.124
926,-0.312
927,-0.718
928,-0.967
929,-1.066
930,-0.873
931,-0.375
932,0.069
933,0.582
934,1.055
935,1.181
936,1.038
937,0.703
938,0.131
939,-0.495
940,-1.026
941,-1.263
942,-1.302
943,-1.089
944,-0.597
945,-0.169
946,0.282
947,0.602
948,0.675
949,0.486
950,0.081
951,-0.376
952,-0.851
953,-1.026
954,-1.077
955,-0.779
956,-0.326
957,0.259
958,0.811
959,1.186
960,1.305
961,1.137
962,0.652
963,0.055
964,-0.602
965,-1.064
966,-1.398
967,-1.3
968,-1.057
969,-0.611
970,-0.019
971,0.417
972,0.719
973,0.662
974,0.396
975,-0.103
976,-0.571
977,-1.053
978,-1.238
979,-1.093
980,-0.735
981,-0.181
982,0.418
983,1.007
984,1.351
985,1.35
986,1.139
987,0.568
988,-0.153
989,-0.808
990,-1.287
991,-1.552
992,-1.373
993,-0.982
994,-0.422
995,0.182
996,0.685
997,0.834
998,0.678
999,0.324
1000,-0.2
1001,-0.772
1002,-1.207
1003,-1.366
1004,-1.138
1005,-0.662
1006,0.027
1007,0.722
1008,1.296
1009,1.526
1010,1.501
1011,1.041
1012,0.423
1013,-0.424
1014,-1.026
1015,-1.501
1016,-1.613
1017,-1.344
1018,-0.804
1019,-0.121
1020,0.49
1021,0.853
1022,0.947
1023,0.753
1024,0.215
1025,-0.474
1026,-1.083
1027,-1.456
1028,-1.481
1029,-1.205
1030,-0.556
1031,0.183
1032,0.996
1033,1.537
1034,1.687
1035,1.53
1036,0.873
1037,0.074
1038,-0.698
1039,-1.331
1040,-1.651
1041,-1.662
1042,-1.196
1043,-0.562
1044,0.171
1045,0.813
1046,1.128
1047,1.01
1048,0.69
1049,0.024
1050,-0.774
1051,-1.357
1052,-1.673
1053,-1.605
1054,-1.162
1055,-0.41
1056,0.476
1057,1.28
1058,1.74
1059,1.781
1060,1.454
1061,0.637
1062,-0.126
1063,-1.059
1064,-1.623
1065,-1.87
1066,-1.672
1067,-1.03
1068,-0.301
1069,0.506
1070,1.076
1071,1.318
1072,1.119
1073,0.525
1074,-0.183
1075,-1.022
1076,-1.656
1077,-1.865
1078,-1.617
1079,-1.047
1080,-0.229
1081,0.683
1082,1.432
1083,1.903
1084,1.803
1085,1.317
1086,0.527
1087,-0.427
1088,-1.269
1089,-1.791
1090,-1.886
1091,-1.543
1092,-0.835
1093,-0.007
1094,0.802
1095,1.302
1096,1.43
1097,1.058
1098,0.481
1099,-0.383
1100,-1.175
1101,-1.854
1102,-1.867
1103,-1.646
1104,-0.933
1105,-0.095
1106,0.864
1107,1.509
1108,1.83
1109,1.753
1110,1.113
1111,0.269
1112,-0.637
1113,-1.416
1114,-1.85
1115,-1.825
1116,-1.316
1117,-0.634
1118,0.242
1119,1.023
1120,1.474
1121,1.504
1122,1.087
1123,0.306
1124,-0.48
1125,-1.351
1126,-1.814
1127,-1.936
1128,-1.565
1129,-0.843
1130,0.053
1131,0.919
1132,1.572
1133,1.759
1134,1.512
1135,0.934
1136,0.091
1137,-0.853
1138,-1.478
1139,-1.797
1140,-1.716
1141,-1.156
1142,-0.428
1143,0.422
1144,1.106
1145,1.483
1146,1.404
1147,0.944
1148,0.296
1149,-0.622
1150,-1.363
1151,-1.843
1152,-1.84
1153,-1.49
1154,-0.709
1155,0.113
1156,0.845
1157,1.466
1158,1.582
1159,1.286
1160,0.619
1161,-0.029
1162,-0.922
1163,-1.509
1164,-1.662
1165,-1.452
1166,-0.96
1167,-0.24
1168,0.541
1169,1.167
1170,1.467
1171,1.367
1172,0.908
1173,0.195
1174,-0.612
1175,-1.271
1176,-1.708
1177,-1.685
1178,-1.363
1179,-0.737
1180,0.055
1181,0.78
1182,1.223
1183,1.263
1184,1.032
1185,0.544
1186,-0.214
1187,-0.87
1188,-1.331
1189,-1.545
1190,-1.325
1191,-0.87
1192,-0.163
1193,0.567
1194,1.056
1195,1.374
1196,1.265
1197,0.858
1198,0.2
1199,-0.481
1200,-1.131
1201,-1.512
1202,-1.531
1203,-1.224
1204,-0.696
1205,-0.042
1206,0.537
1207,0.939
1208,1.021
1209,0.905
1210,0.349
1211,-0.235
1212,-0.814
1213,-1.173
1214,-1.341
1215,-1.113
1216,-0.719
1217,-0.075
1218,0.521
1219,1.101
1220,1.234
1221,1.198
1222,0.831
1223,0.241
1224,-0.43
1225,-0.997
1226,-1.347
1227,-1.419
1228,-1.158
1229,-0.662
1230,-0.178
1231,0.331
1232,0.737
1233,0.932
1234,0.67
1235,0.354
1236,-0.158
1237,-0.726
1238,-1.048
1239,-1.131
1240,-1.029
1241,-0.616
1242,-0.069
1243,0.495
1244,0.963
1245,1.172
1246,1.148
1247,0.788
1248,0.282
1249,-0.383
1250,-0.874
1251,-1.22
1252,-1.404
1253,-1.158
1254,-0.738
1255,-0.301
1256,0.28
1257,0.597
1258,0.692
1259,0.589
1260,0.271
1261,-0.201
1262,-0.641
1263,-1.011
1264,-1.084
1265,-0.978
1266,-0.553
1267,-0.045
1268,0.513
1269,1.014
1270,1.232
1271,1.163
1272,0.789
1273,0.291
1274,-0.264
1275,-0.841
1276,-1.144
1277,-1.316
1278,-1.168
1279,-0.809
1280,-0.304
1281,0.168
1282,0.541
1283,0.679
1284,0.51
1285,0.168
1286,-0.291
1287,-0.659
1288,-1.015
1289,-1.133
1290,-0.885
1291,-0.42
1292,0.047
1293,0.629
1294,1.042
1295,1.243
1296,1.196
1297,0.809
1298,0.279
1299,-0.338
1300,-0.918
1301,-1.228
1302,-1.358
1303,-1.193
1304,-0.754
1305,-0.288
1306,0.224
1307,0.555
1308,0.687
1309,0.513
1310,0.134
1311,-0.31
1312,-0.735
1313,-1.048
1314,-1.108
1315,-0.918
1316,-0.45
1317,0.161
1318,0.728
1319,1.164
1320,1.336
1321,1.207
1322,0.767
1323,0.177
1324,-0.489
1325,-1.099
1326,-1.39
1327,-1.394
1328,-1.166
1329,-0.641
1330,-0.061
1331,0.417
1332,0.669
1333,0.747
1334,0.463
1335,0.003
1336,-0.528
1337,-0.973
1338,-1.227
1339,-1.177
1340,-0.85
1341,-0.3
1342,0.369
1343,0.99
1344,1.376
1345,1.389
1346,1.109
1347,0.684
1348,-0.075
1349,-0.728
1350,-1.282
1351,-1.546
1352,-1.392
1353,-1.005
1354,-0.477
1355,0.065
1356,0.604
1357,0.857
1358,0.716
1359,0.396
1360,-0.166
1361,-0.736
1362,-1.206
1363,-1.43
1364,-1.224
1365,-0.809
1366,-0.135
1367,0.565
1368,1.186
1369,1.508
1370,1.504
1371,1.177
1372,0.429
1373,-0.35
1374,-0.963
1375,-1.485
1376,-1.63
1377,-1.347
1378,-0.873
1379,-0.127
1380,0.481
1381,0.887
1382,1.09
1383,0.78
1384,0.302
1385,-0.382
1386,-0.996
1387,-1.426
1388,-1.578
1389,-1.331
1390,-0.699
1391,0.049
1392,0.912
1393,1.444
1394,1.677
1395,1.536
1396,0.96
1397,0.195
1398,-0.574
1399,-1.322
1400,-1.719
1401,-1.661
1402,-1.249
1403,-0.597
1404,0.173
1405,0.776
1406,1.134
1407,1.221
1408,0.785
1409,0.125
1410,-0.599
1411,-1.297
1412,-1.697
1413,-1.649
1414,-1.329
1415,-0.559
1416,0.286
1417,1.097
1418,1.676
1419,1.788
1420,1.493
1421,0.847
1422,-0.065
1423,-0.94
1424,-1.59
1425,-1.89
1426,-1.609
1427,-1.16
1428,-0.351
1429,0.464
1430,1.118
1431,1.424
1432,1.294
1433,0.728
1434,-0.04
1435,-0.863
1436,-1.553
1437,-1.832
1438,-1.764
1439,-1.237
1440,-0.422
1441,0.509
1442,1.27
1443,1.694
1444,1.775
1445,1.328
1446,0.573
1447,-0.308
1448,-1.132
1449,-1.733
1450,-1.874
1451,-1.535
1452,-0.915
1453,0.012
1454,0.778
1455,1.295
1456,1.564
1457,1.303
1458,0.699
1459,-0.173
1460,-1.055
1461,-1.731
1462,-1.963
1463,-1.793
1464,-1.187
1465,-0.29
1466,0.656
1467,1.356
1468,1.69
1469,1.671
1470,1.195
1471,0.336
1472,-0.556
1473,-1.336
1474,-1.826
1475,-1.817
1476,-1.438
1477,-0.688
1478,0.15
1479,0.961
1480,1.512
1481,1.581
1482,1.306
1483,0.549
1484,-0.307
1485,-1.123
1486,-1.784
1487,-1.99
1488,-1.736
1489,-1.025
1490,-0.227
1491,0.73
1492,1.298
1493,1.618
1494,1.521
1495,1.0
1496,0.208
1497,-0.668
1498,-1.369
1499,-1.746
1500,-1.683
1501,-1.26
1502,-0.518
1503,0.357
1504,1.087
1505,1.517
1506,1.582
1507,1.206
1508,0.477
1509,-0.33
1510,-1.194
1511,-1.696
1512,-1.86
1513,-1.629
1514,-0.969
1515,-0.176
1516,0.655
1517,1.204
1518,1.384
1519,1.301
1520,0.762
1521,0.008
1522,-0.777
1523,-1.392
1524,-1.649
1525,-1.491
1526,-0.991
1527,-0.281
1528,0.445
1529,1.085
1530,1.492
1531,1.424
1532,1.099
1533,0.415
1534,-0.383
1535,-1.135
1536,-1.549
1537,-1.708
1538,-1.483
1539,-0.988
1540,-0.197
1541,0.544
1542,1.037
1543,1.161
1544,0.993
1545,0.558
1546,-0.131
1547,-0.748
1548,-1.231
1549,-1.427
1550,-1.33
1551,-0.882
1552,-0.242
1553,0.467
1554,1.07
1555,1.408
1556,1.402
1557,0.991
1558,0.449
1559,-0.32
1560,-0.966
1561,-1.429
1562,-1.612
1563,-1.316
1564,-0.856
1565,-0.277
1566,0.331
1567,0.782
1568,0.892
1569,0.792
1570,0.438
1571,-0.173
1572,-0.685
1573,-1.156
1574,-1.272
1575,-1.156
1576,-0.796
1577,-0.121
1578,0.456
1579,0.981
1580,1.304
1581,1.319
1582,0.938
1583,0.423
1584,-0.217
1585,-0.815
1586,-1.255
1587,-1.425
1588,-1.299
1589,-0.885
1590,-0.392
1591,0.084
1592,0.588
1593,0.777
1594,0.589
1595,0.305
1596,-0.116
1597,-0.56
1598,-0.994
1599,-1.17
1600,-1.038
1601,-0.624
1602,-0.148
1603,0.431
1604,0.932
1605,1.2
1606,1.235
1607,0.999
1608,0.457
1609,-0.17
1610,-0.752
1611,-1.213
1612,-1.316
1613,-1.246
1614,-0.913
1615,-0.333
1616,0.076
1617,0.432
1618,0.625
1619,0.61
1620,0.295
1621,-0.178
1622,-0.557
1623,-0.952
1624,-1.021
1625,-0.935
1626,-0.631
1627,-0.064
1628,0.462
1629,0.963
1630,1.228
1631,1.192
1632,0.925
1633,0.482
1634,-0.161
1635,-0.739
1636,-1.177
1637,-1.315
1638,-1.173
1639,-0.939
1640,-0.435
1641,0.096
1642,0.433
1643,0.625
1644,0.512
1645,0.268
1646,-0.177
1647,-0.587
1648,-0.918
1649,-1.004
1650,-0.934
1651,-0.571
1652,-0.042
1653,0.514
1654,1.008
1655,1.248
1656,1.238
1657,0.965
1658,0.37
1659,-0.188
1660,-0.763
1661,-1.213
1662,-1.421
1663,-1.241
1664,-0.813
1665,-0.35
1666,0.121
1667,0.504
1668,0.685
1669,0.557
1670,0.191
1671,-0.282
1672,-0.748
1673,-1.091
1674,-1.103
1675,-0.972
1676,-0.49
1677,0.106
1678,0.69
1679,1.114
1680,1.355
1681,1.25
1682,0.839
1683,0.283
1684,-0.424
1685,-0.932
1686,-1.346
1687,-1.397
1688,-1.167
1689,-0.727
1690,-0.141
1691,0.341
1692,0.714
1693,0.712
1694,0.539
1695,0.153
1696,-0.476
1697,-0.958
1698,-1.225
1699,-1.254
1700,-0.961
1701,-0.42
1702,0.248
1703,0.892
1704,1.314
1705,1.436
1706,1.264
1707,0.802
1708,0.06
1709,-0.667
1710,-1.163
1711,-1.485
1712,-1.496
1713,-1.045
1714,-0.517
1715,0.121
1716,0.649
1717,0.912
1718,0.878
1719,0.489
1720,-0.047
1721,-0.693
1722,-1.174
1723,-1.432
1724,-1.396
1725,-0.921
1726,-0.313
1727,0.47
1728,1.105
1729,1.54
1730,1.514
1731,1.174
1732,0.556
1733,-0.222
1734,-0.914
1735,-1.494
1736,-1.647
1737,-1.444
1738,-0.869
1739,-0.159
1740,0.464
1741,0.952
1742,1.131
1743,0.971
1744,0.399
1745,-0.259
1746,-0.931
1747,-1.454
1748,-1.645
1749,-1.417
1750,-0.975
1751,-0.102
1752,0.663
1753,1.267
1754,1.651
1755,1.584
1756,1.059
1757,0.341
1758,-0.477
1759,-1.204
1760,-1.619
1761,-1.675
1762,-1.327
1763,-0.713
1764,0.114
1765,0.799
1766,1.326
1767,1.309
1768,0.972
1769,0.326
1770,-0.491
1771,-1.18
1772,-1.729
1773,-1.796
1774,-1.495
1775,-0.834
1776,0.048
1777,0.9
1778,1.487
1779,1.694
1780,1.448
1781,0.878
1782,-0.007
1783,-0.806
1784,-1.502
1785,-1.864
1786,-1.711
1787,-1.204
1788,-0.386
1789,0.493
1790,1.089
1791,1.506
1792,1.426
1793,0.966
1794,0.174
1795,-0.728
1796,-1.462
1797,-1.905
1798,-1.845
1799,-1.439
1800,-0.614
1801,0.235
1802,1.038
1803,1.546
1804,1.647
1805,1.314
1806,0.667
1807,-0.214
1808,-1.127
1809,-1.652
1810,-1.891
1811,-1.62
1812,-0.938
1813,-0.098
1814,0.731
1815,1.361
1816,1.589
1817,1.448
1818,0.872
1819,-0.002
1820,-0.875
1821,-1.589
1822,-1.961
1823,-1.889
1824,-1.353
1825,-0.536
1826,0.322
1827,1.17
1828,1.574
1829,1.593
1830,1.195
1831,0.436
1832,-0.423
1833,-1.235
1834,-1.765
1835,-1.821
1836,-1.511
1837,-0.767
1838,0.11
1839,0.94
1840,1.522
1841,1.648
1842,1.42
1843,0.79
1844,-0.079
1845,-0.991
1846,-1.592
1847,-1.955
1848,-1.76
1849,-1.239
1850,-0.475
1851,0.451
1852,1.058
1853,1.487
1854,1.437
1855,0.936
1856,0.265
1857,-0.608
1858,-1.295
1859,-1.698
1860,-1.706
1861,-1.265
1862,-0.545
1863,0.23
1864,1.094
1865,1.508
1866,1.697
1867,1.388
1868,0.664
1869,-0.156
1870,-0.999
1871,-1.578
1872,-1.831
1873,-1.64
1874,-1.108
1875,-0.367
1876,0.344
1877,0.963
1878,1.215
1879,1.156
1880,0.771
1881,0.117
1882,-0.702
1883,-1.284
1884,-1.581
1885,-1.511
1886,-1.12
1887,-0.395
1888,0.364
1889,1.071
1890,1.519
1891,1.569
1892,1.239
1893,0.628
1894,-0.149
1895,-0.908
1896,-1.453
1897,-1.621
1898,-1.51
1899,-1.076
1900,-0.395
1901,0.248
1902,0.821
1903,1.047
1904,0.95
1905,0.578
1906,-0.07
1907,-0.688
1908,-1.197
1909,-1.405
1910,-1.276
1911,-0.861
1912,-0.282
1913,0.419
1914,0.966
1915,1.382
1916,1.426
1917,1.142
1918,0.593
1919,-0.118
1920,-0.844
1921,-1.267
1922,-1.542
1923,-1.4
1924,-0.96
1925,-0.491
1926,0.048
1927,0.581
1928,0.853
1929,0.822
1930,0.403
1931,-0.043
1932,-0.611
1933,-1.034
1934,-1.162
1935,-1.209
1936,-0.799
1937,-0.234
1938,0.416
1939,0.942
1940,1.297
1941,1.332
1942,1.102
1943,0.583
1944,-0.024
1945,-0.682
1946,-1.14
1947,-1.384
1948,-1.291
1949,-1.009
1950,-0.576
1951,0.04
1952,0.405
1953,0.641
1954,0.618
1955,0.412
1956,-0.123
1957,-0.44
1958,-0.892
1959,-1.112
1960,-1.057
1961,-0.728
1962,-0.213
1963,0.373
1964,0.891
1965,1.211
1966,1.27
1967,1.051
1968,0.59
1969,0.033
1970,-0.582
1971,-1.159
1972,-1.293
1973,-1.276
1974,-1.003
1975,-0.567
1976,-0.027
1977,0.383
1978,0.562
1979,0.589
1980,0.31
1981,-0.101
1982,-0.527
1983,-0.855
1984,-1.04
1985,-0.995
1986,-0.683
1987,-0.198
1988,0.333
1989,0.873
1990,1.21
1991,1.273
1992,1.068
1993,0.598
1994,-0.003
1995,-0.575
1996,-1.07
1997,-1.33
1998,-1.27
1999,-1.0
2000,-0.545
2001,-0.033
2002,0.357
2003,0.591
2004,0.52
2005,0.327
2006,-0.095
2007,-0.577
2008,-0.905
2009,-1.073
2010,-1.068
2011,-0.71
2012,-0.194
2013,0.381
2014,0.942
2015,1.22
2016,1.25
2017,0.94
2018,0.525
2019,-0.147
2020,-0.706
2021,-1.142
2022,-1.301
2023,-1.286
2024,-0.992
2025,-0.398
2026,0.168
2027,0.551
2028,0.7
2029,0.593
2030,0.307
2031,-0.221
2032,-0.67
2033,-1.042
2034,-1.168
2035,-0.978
2036,-0.646
2037,-0.095
2038,0.536
2039,0.99
2040,1.292
2041,1.262
2042,0.916
2043,0.368
2044,-0.322
2045,-0.863
2046,-1.294
2047,-1.4
2048,-1.209
2049,-0.747
2050,-0.157
2051,0.335
2052,0.712
2053,0.824
2054,0.599
2055,0.178
2056,-0.375
2057,-0.871
2058,-1.251
2059,-1.332
2060,-1.075
2061,-0.596
2062,0.082
2063,0.724
2064,1.225
2065,1.397
2066,1.195
2067,0.804
2068,0.187
2069,-0.536
2070,-1.117
2071,-1.426
2072,-1.44
2073,-1.092
2074,-0.542
2075,0.117
2076,0.7
2077,1.029
2078,0.975
2079,0.629
2080,0.068
2081,-0.575
2082,-1.207
2083,-1.559
2084,-1.493
2085,-1.15
2086,-0.496
2087,0.265
2088,0.939
2089,1.443
2090,1.506
2091,1.224
2092,0.641
2093,-0.171
2094,-0.845
2095,-1.415
2096,-1.596
2097,-1.471
2098,-0.978
2099,-0.204
2100,0.499
2101,1.001
2102,1.226
2103,1.13
2104,0.564
2105,-0.064
2106,-0.886
2107,-1.423
2108,-1.718
2109,-1.562
2110,-1.098
2111,-0.335
2112,0.49
2113,1.142
2114,1.572
2115,1.509
2116,1.093
2117,0.353
2118,-0.526
2119,-1.193
2120,-1.575
2121,-1.69
2122,-1.371
2123,-0.717
2124,0.103
2125,0.87
2126,1.315
2127,1.496
2128,1.179
2129,0.531
2130,-0.306
2131,-1.118
2132,-1.665
2133,-1.853
2134,-1.635
2135,-1.021
2136,-0.159
2137,0.738
2138,1.306
2139,1.585
2140,1.482
2141,0.928
2142,0.121
2143,-0.742
2144,-1.456
2145,-1.763
2146,-1.778
2147,-1.262
2148,-0.454
2149,0.378
2150,1.17
2151,1.652
2152,1.596
2153,1.162
2154,0.35
2155,-0.534
2156,-1.341
2157,-1.861
2158,-1.912
2159,-1.585
2160,-0.928
2161,0.001
2162,0.854
2163,1.463
2164,1.663
2165,1.324
2166,0.69
2167,-0.18
2168,-1.001
2169,-1.609
2170,-1.838
2171,-1.663
2172,-1.062
2173,-0.189
2174,0.678
2175,1.473
2176,1.703
2177,1.644
2178,1.158
2179,0.259
2180,-0.675
2181,-1.47
2182,-1.925
2183,-1.9
2184,-1.59
2185,-0.731
2186,0.064
2187,0.895
2188,1.4
2189,1.527
2190,1.124
2191,0.505
2192,-0.295
2193,-1.192
2194,-1.682
2195,-1.844
2196,-1.508
2197,-0.847
2198,0.01
2199,0.91
2200,1.591
2201,1.787
2202,1.621
2203,0.965
2204,0.122
2205,-0.739
2206,-1.446
2207,-1.876
2208,-1.863
2209,-1.411
2210,-0.716
2211,0.172
2212,0.9
2213,1.287
2214,1.316
2215,0.968
2216,0.279
2217,-0.501
2218,-1.143
2219,-1.651
2220,-1.705
2221,-1.357
2222,-0.633
2223,0.184
2224,0.971
2225,1.592
2226,1.781
2227,1.486
2228,0.848
2229,0.115
2230,-0.78
2231,-1.406
2232,-1.832
2233,-1.691
2234,-1.33
2235,-0.596
2236,0.132
2237,0.734
2238,1.105
2239,1.133
2240,0.758
2241,0.16
2242,-0.501
2243,-1.215
2244,-1.47
2245,-1.512
2246,-1.176
2247,-0.542
2248,0.268
2249,1.019
2250,1.476
2251,1.667
2252,1.339
2253,0.82
2254,0.03
2255,-0.689
2256,-1.278
2257,-1.626
2258,-1.645
2259,-1.188
2260,-0.589
2261,0.065
2262,0.639
2263,0.876
2264,0.92
2265,0.622
2266,0.002
2267,-0.54
2268,-1.081
2269,-1.356
2270,-1.319
2271,-1.003
2272,-0.424
2273,0.29
2274,0.894
2275,1.326
2276,1.503
2277,1.234
2278,0.785
2279,0.104
2280,-0.654
2281,-1.176
2282,-1.415
2283,-1.464
2284,-1.141
2285,-0.606
2286,-0.026
2287,0.43
2288,0.701
2289,0.772
2290,0.525
2291,0.053
2292,-0.493
2293,-0.968
2294,-1.221
2295,-1.16
2296,-0.864
2297,-0.317
2298,0.279
2299,0.791
2300,1.265
2301,1.329
2302,1.168
2303,0.742
2304,0.187
2305,-0.415
2306,-1.011
2307,-1.33
2308,-1.324
2309,-1.062
2310,-0.655
2311,-0.079
2312,0.325
2313,0.609
2314,0.648
2315,0.431
2316,0.052
2317,-0.458
2318,-0.866
2319,-1.122
2320,-1.07
2321,-0.797
2322,-0.336
2323,0.272
2324,0.762
2325,1.164
2326,1.243
2327,1.109
2328,0.734
2329,0.169
2330,-0.47
2331,-0.967
2332,-1.305
2333,-1.3
2334,-1.034
2335,-0.627
2336,-0.138
2337,0.287
2338,0.559
2339,0.581
2340,0.426
2341,0.042
2342,-0.407
2343,-0.839
2344,-1.126
2345,-1.028
2346,-0.82
2347,-0.373
2348,0.233
2349,0.731
2350,1.148
2351,1.26
2352,1.102
2353,0.631
2354,0.141
2355,-0.485
2356,-0.995
2357,-1.256
2358,-1.32
2359,-1.003
2360,-0.61
2361,-0.118
2362,0.314
2363,0.652
2364,0.616
2365,0.453
2366,-0.017
2367,-0.527
2368,-0.922
2369,-1.082
2370,-1.101
2371,-0.827
2372,-0.315
2373,0.277
2374,0.831
2375,1.199
2376,1.234
2377,1.0
2378,0.572
2379,-0.007
2380,-0.648
2381,-1.116
2382,-1.303
2383,-1.252
2384,-0.924
2385,-0.451
2386,0.1
2387,0.512
2388,0.783
2389,0.733
2390,0.337
2391,-0.119
2392,-0.662
2393,-1.062
2394,-1.249
2395,-1.208
2396,-0.832
2397,-0.274
2398,0.389
2399,0.926
2400,1.223
2401,1.268
2402,0.952
2403,0.423
2404,-0.171
2405,-0.792
2406,-1.293
2407,-1.363
2408,-1.184
2409,-0.801
2410,-0.158
2411,0.436
2412,0.766
2413,0.912
2414,0.801
2415,0.343
2416,-0.236
2417,-0.828
2418,-1.253
2419,-1.452
2420,-1.203
2421,-0.728
2422,-0.117
2423,0.566
2424,1.054
2425,1.369
2426,1.28
2427,0.845
2428,0.24
2429,-0.511
2430,-1.084
2431,-1.475
2432,-1.45
2433,-1.122
2434,-0.529
2435,0.13
2436,0.734
2437,1.122
2438,1.111
2439,0.758
2440,0.276
2441,-0.433
2442,-1.148
2443,-1.493
2444,-1.591
2445,-1.266
2446,-0.667
2447,0.066
2448,0.763
2449,1.265
2450,1.417
2451,1.195
2452,0.666
2453,-0.096
2454,-0.8
2455,-1.338
2456,-1.634
2457,-1.458
2458,-0.95
2459,-0.231
2460,0.511
2461,1.126
2462,1.398
2463,1.234
2464,0.818
2465,0.091
2466,-0.753
2467,-1.388
2468,-1.723
2469,-1.706
2470,-1.232
2471,-0.475
2472,0.255
2473,0.96
2474,1.449
2475,1.504
2476,1.111
2477,0.483
2478,-0.421
2479,-1.114
2480,-1.645
2481,-1.679
2482,-1.355
2483,-0.781
2484,0.059
2485,0.9
2486,1.423
2487,1.609
2488,1.355
2489,0.667
2490,-0.124
2491,-1.0
2492,-1.645
2493,-1.869
2494,-1.794
2495,-1.178
2496,-0.4
2497,0.464
2498,1.193
2499,1.534
2500,1.464
2501,0.988
2502,0.176
2503,-0.691
2504,-1.428
2505,-1.818
2506,-1.671
2507,-1.26
2508,-0.559
2509,0.345
2510,1.201
2511,1.7
2512,1.765
2513,1.354
2514,0.612
2515,-0.298
2516,-1.179
2517,-1.859
2518,-2.0
2519,-1.765
2520,-1.095
2521,-0.153
2522,0.627
2523,1.247
2524,1.545
2525,1.35
2526,0.772
2527,-0.041
2528,-0.846
2529,-1.598
2530,-1.842
2531,-1.728
2532,-1.112
2533,-0.306
2534,0.63
2535,1.398
2536,1.852
2537,1.813
2538,1.266
2539,0.493
2540,-0.475
2541,-1.341
2542,-1.86
2543,-1.988
2544,-1.585
2545,-0.968
2546,-0.169
2547,0.667
2548,1.277
2549,1.483
2550,1.116
2551,0.493
2552,-0.205
2553,-1.044
2554,-1.65
2555,-1.797
2556,-1.645
2557,-0.936
2558,-0.062
2559,0.844
2560,1.482
2561,1.848
2562,1.705
2563,1.209
2564,0.351
2565,-0.55
2566,-1.36
2567,-1.794
2568,-1.857
2569,-1.542
2570,-0.87
2571,-0.112
2572,0.657
2573,1.144
2574,1.331
2575,0.93
2576,0.405
2577,-0.365
2578,-1.095
2579,-1.524
2580,-1.674
2581,-1.378
2582,-0.756
2583,0.109
2584,0.924
2585,1.488
2586,1.73
2587,1.61
2588,1.059
2589,0.297
2590,-0.514
2591,-1.283
2592,-1.694
2593,-1.732
2594,-1.375
2595,-0.859
2596,-0.089
2597,0.581
2598,1.018
2599,1.036
2600,0.714
2601,0.24
2602,-0.469
2603,-1.098
2604,-1.47
2605,-1.514
2606,-1.225
2607,-0.677
2608,0.169
2609,0.914
2610,1.433
2611,1.595
2612,1.465
2613,0.976
2614,0.281
2615,-0.484
2616,-1.171
2617,-1.527
2618,-1.557
2619,-1.238
2620,-0.728
2621,-0.096
2622,0.446
2623,0.84
2624,0.87
2625,0.59
2626,0.183
2627,-0.416
2628,-0.976
2629,-1.306
2630,-1.32
2631,-1.041
2632,-0.517
2633,0.155
2634,0.847
2635,1.306
2636,1.473
2637,1.359
2638,0.864
2639,0.273
2640,-0.371
2641,-1.018
2642,-1.393
2643,-1.446
2644,-1.225
2645,-0.761
2646,-0.198
2647,0.273
2648,0.642
2649,0.741
2650,0.492
2651,0.162
2652,-0.37
2653,-0.817
2654,-1.164
2655,-1.163
2656,-0.987
2657,-0.461
2658,0.112
2659,0.71
2660,1.1
2661,1.299
2662,1.238
2663,0.811
2664,0.286
2665,-0.396
2666,-0.875
2667,-1.284
2668,-1.308
2669,-1.113
2670,-0.751
2671,-0.213
2672,0.245
2673,0.538
2674,0.611
2675,0.424
2676,0.136
2677,-0.38
2678,-0.764
2679,-1.063
2680,-1.093
2681,-0.922
2682,-0.5
2683,0.083
2684,0.624
2685,1.047
2686,1.244
2687,1.097
2688,0.817
2689,0.28
2690,-0.364
2691,-0.863
2692,-1.192
2693,-1.274
2694,-1.076
2695,-0.655
2696,-0.177
2697,0.209
2698,0.579
2699,0.688
2700,0.503
2701,0.168
2702,-0.262
2703,-0.726
2704,-1.041
2705,-1.08
2706,-0.912
2707,-0.499
2708,0.035
2709,0.639
2710,0.983
2711,1.236
2712,1.108
2713,0.694
2714,0.21
2715,-0.454
2716,-0.88
2717,-1.18
2718,-1.268
2719,-1.025
2720,-0.547
2721,-0.111
2722,0.336
2723,0.708
2724,0.776
2725,0.516
2726,0.143
2727,-0.343
2728,-0.862
2729,-1.146
2730,-1.136
2731,-0.891
2732,-0.469
2733,0.064
2734,0.707
2735,1.033
2736,1.185
2737,1.057
2738,0.682
2739,0.086
2740,-0.529
2741,-1.012
2742,-1.277
2743,-1.224
2744,-1.007
2745,-0.441
2746,0.13
2747,0.554
2748,0.855
2749,0.815
2750,0.577
2751,0.078
2752,-0.545
2753,-1.018
2754,-1.288
2755,-1.282
2756,-0.952
2757,-0.447
2758,0.173
2759,0.796
2760,1.166
2761,1.197
2762,1.005
2763,0.457
2764,-0.153
2765,-0.751
2766,-1.218
2767,-1.361
2768,-1.227
2769,-0.779
2770,-0.179
2771,0.41
2772,0.879
2773,1.018
2774,0.907
2775,0.482
2776,-0.129
2777,-0.764
2778,-1.254
2779,-1.461
2780,-1.338
2781,-0.959
2782,-0.339
2783,0.356
2784,0.945
2785,1.258
2786,1.212
2787,0.827
2788,0.239
2789,-0.444
2790,-1.044
2791,-1.447
2792,-1.471
2793,-1.165
2794,-0.55
2795,0.131
2796,0.815
2797,1.155
2798,1.269
2799,0.996
2800,0.407
2801,-0.252
2802,-1.02
2803,-1.545
2804,-1.663
2805,-1.48
2806,-0.874
2807,-0.157
2808,0.633
2809,1.137
2810,1.37
2811,1.19
2812,0.753
2813,-0.031
2814,-0.716
2815,-1.332
2816,-1.607
2817,-1.485
2818,-0.994
2819,-0.33
2820,0.512
2821,1.196
2822,1.509
2823,1.407
2824,0.994
2825,0.311
2826,-0.541
2827,-1.312
2828,-1.725
2829,-1.809
2830,-1.486
2831,-0.783
2832,0.113
2833,0.813
2834,1.309
2835,1.418
2836,1.183
2837,0.538
2838,-0.25
2839,-1.088
2840,-1.599
2841,-1.796
2842,-1.423
2843,-0.856
2844,0.036
2845,0.841
2846,1.481
2847,1.719
2848,1.525
2849,0.926
2850,0.069
2851,-0.793
2852,-1.581
2853,-1.919
2854,-1.827
2855,-1.398
2856,-0.631
2857,0.249
2858,1.028
2859,1.417
2860,1.392
2861,1.0
2862,0.221
2863,-0.574
2864,-1.325
2865,-1.787
2866,-1.818
2867,-1.395
2868,-0.587
2869,0.355
2870,1.149
2871,1.749
2872,1.814
2873,1.535
2874,0.839
2875,-0.118
2876,-1.04
2877,-1.725
2878,-1.996
2879,-1.852
2880,-1.349
2881,-0.524
2882,0.385
2883,1.101
2884,1.335
2885,1.298
2886,0.789
2887,0.068
2888,-0.827
2889,-1.488
2890,-1.836
2891,-1.806
2892,-1.193
2893,-0.378
2894,0.567
2895,1.483
2896,1.792
2897,1.951
2898,1.477
2899,0.72
2900,-0.237
2901,-1.142
2902,-1.777
2903,-1.973
2904,-1.803
2905,-1.132
2906,-0.35
2907,0.447
2908,1.076
2909,1.372
2910,1.142
2911,0.622
2912,-0.182
2913,-0.929
2914,-1.531
2915,-1.742
2916,-1.62
2917,-1.017
2918,-0.195
2919,0.741
2920,1.424
2921,1.875
2922,1.818
2923,1.364
2924,0.59
2925,-0.317
2926,-1.159
2927,-1.707
2928,-1.829
2929,-1.592
2930,-1.003
2931,-0.275
2932,0.454
2933,1.035
2934,1.21
2935,1.018
2936,0.419
2937,-0.289
2938,-1.04
2939,-1.512
2940,-1.639
2941,-1.457
2942,-0.847
2943,-0.076
2944,0.765
2945,1.381
2946,1.753
2947,1.592
2948,1.219
2949,0.441
2950,-0.314
2951,-1.076
2952,-1.575
2953,-1.671
2954,-1.497
2955,-0.874
2956,-0.21
2957,0.408
2958,0.9
2959,0.97
2960,0.772
2961,0.291
2962,-0.345
2963,-0.978
2964,-1.338
2965,-1.504
2966,-1.257
2967,-0.75
2968,-0.069
2969,0.73
2970,1.243
2971,1.583
2972,1.468
2973,1.151
2974,0.457
2975,-0.317
2976,-0.951
2977,-1.451
2978,-1.526
2979,-1.324
2980,-0.85
2981,-0.218
2982,0.337
2983,0.72
2984,0.785
2985,0.632
2986,0.236
2987,-0.31
2988,-0.881
2989,-1.147
2990,-1.279
2991,-1.105
2992,-0.652
2993,-0.028
2994,0.6
2995,1.146
2996,1.41
2997,1.308
2998,0.994
2999,0.398
3000,-0.321
3001,-0.891
3002,-1.28
3003,-1.334
3004,-1.205
3005,-0.856
3006,-0.273
3007,0.178
3008,0.622
3009,0.704
3010,0.58
3011,0.264
3012,-0.299
3013,-0.782
3014,-1.102
3015,-1.165
3016,-1.08
3017,-0.715
3018,-0.083
3019,0.534
3020,1.029
3021,1.232
3022,1.201
3023,0.938
3024,0.331
3025,-0.23
3026,-0.768
3027,-1.143
3028,-1.301
3029,-1.144
3030,-0.856
3031,-0.314
3032,0.201
3033,0.511
3034,0.68
3035,0.581
3036,0.231
3037,-0.207
3038,-0.7
3039,-1.018
3040,-1.12
3041,-1.003
3042,-0.659
3043,-0.114
3044,0.455
3045,0.83
3046,1.177
3047,1.114
3048,0.852
3049,0.389
3050,-0.263
3051,-0.773
3052,-1.124
3053,-1.257
3054,-1.036
3055,-0.749
3056,-0.255
3057,0.246
3058,0.552
3059,0.706
3060,0.607
3061,0.25
3062,-0.209
3063,-0.692
3064,-1.072
3065,-1.149
3066,-0.977
3067,-0.662
3068,-0.134
3069,0.434
3070,0.827
3071,1.154
3072,1.075
3073,0.816
3074,0.248
3075,-0.25
3076,-0.796
3077,-1.134
3078,-1.216
3079,-1.032
3080,-0.576
3081,-0.088
3082,0.338
3083,0.697
3084,0.816
3085,0.654
3086,0.244
3087,-0.236
3088,-0.835
3089,-1.128
3090,-1.298
3091,-1.052
3092,-0.663
3093,-0.085
3094,0.449
3095,0.955
3096,1.149
3097,1.043
3098,0.658
3099,0.133
3100,-0.499
3101,-0.946
3102,-1.195
3103,-1.196
3104,-0.951
3105,-0.416
3106,0.112
3107,0.669
3108,0.96
3109,0.901
3110,0.641
3111,0.164
3112,-0.435
3113,-1.003
3114,-1.298
3115,-1.356
3116,-1.116
3117,-0.631
3118,0.05
3119,0.664
3120,1.015
3121,1.14
3122,0.982
3123,0.494
3124,-0.118
3125,-0.708
3126,-1.244
3127,-1.326
3128,-1.216
3129,-0.794
3130,-0.167
3131,0.475
3132,0.921
3133,1.242
3134,1.088
3135,0.677
3136,0.059
3137,-0.685
3138,-1.205
3139,-1.529
3140,-1.457
3141,-1.174
3142,-0.501
3143,0.182
3144,0.82
3145,1.183
3146,1.171
3147,0.85
3148,0.286
3149,-0.432
3150,-1.005
3151,-1.433
3152,-1.562
3153,-1.179
3154,-0.605
3155,0.111
3156,0.811
3157,1.317
3158,1.475
3159,1.184
3160,0.574
3161,-0.158
3162,-0.943
3163,-1.513
3164,-1.757
3165,-1.616
3166,-1.068
3167,-0.329
3168,0.418
3169,1.002
3170,1.266
3171,1.208
3172,0.688
3173,0.052
3174,-0.754
3175,-1.355
3176,-1.676
3177,-1.552
3178,-1.032
3179,-0.302
3180,0.54
3181,1.233
3182,1.588
3183,1.607
3184,1.175
3185,0.504
3186,-0.444
3187,-1.18
3188,-1.71
3189,-1.816
3190,-1.595
3191,-0.929
3192,-0.07
3193,0.624
3194,1.146
3195,1.313
3196,1.152
3197,0.483
3198,-0.261
3199,-1.015
3200,-1.582
3201,-1.762
3202,-1.523
3203,-0.864
3204,-0.07
3205,0.823
3206,1.508
3207,1.874
3208,1.74
3209,1.165
3210,0.334
3211,-0.676
3212,-1.391
3213,-1.864
3214,-1.918
3215,-1.482
3216,-0.857
3217,0.038
3218,0.801
3219,1.324
3220,1.34
3221,1.038
3222,0.368
3223,-0.488
3224,-1.264
3225,-1.787
3226,-1.852
3227,-1.413
3228,-0.686
3229,0.218
3230,1.099
3231,1.686
3232,1.935
3233,1.772
3234,1.009
3235,0.131
3236,-0.8
3237,-1.63
3238,-1.978
3239,-1.892
3240,-1.431
3241,-0.567
3242,0.158
3243,0.961
3244,1.32
3245,1.32
3246,0.87
3247,0.099
3248,-0.706
3249,-1.479
3250,-1.8
3251,-1.774
3252,-1.294
3253,-0.482
3254,0.438
3255,1.285
3256,1.814
3257,1.946
3258,1.666
3259,0.953
3260,-0.031
3261,-0.945
3262,-1.67
3263,-1.919
3264,-1.801
3265,-1.234
3266,-0.543
3267,0.29
3268,0.956
3269,1.28
3270,1.156
3271,0.656
3272,-0.021
3273,-0.813
3274,-1.494
3275,-1.732
3276,-1.626
3277,-1.144
3278,-0.345
3279,0.568
3280,1.308
3281,1.811
3282,1.801
3283,1.515
3284,0.721
3285,-0.079
3286,-0.986
3287,-1.599
3288,-1.857
3289,-1.679
3290,-1.106
3291,-0.494
3292,0.361
3293,0.897
3294,1.095
3295,0.965
3296,0.576
3297,-0.184
3298,-0.899
3299,-1.376
3300,-1.634
3301,-1.523
3302,-0.981
3303,-0.267
3304,0.617
3305,1.309
3306,1.695
3307,1.706
3308,1.374
3309,0.648
3310,-0.2
3311,-0.915
3312,-1.405
3313,-1.699
3314,-1.512
3315,-1.011
3316,-0.372
3317,0.256
3318,0.807
3319,1.043
3320,0.845
3321,0.384
3322,-0.241
3323,-0.807
3324,-1.251
3325,-1.46
3326,-1.326
3327,-0.881
3328,-0.225
3329,0.559
3330,1.169
3331,1.444
3332,1.544
3333,1.178
3334,0.605
3335,-0.196
3336,-0.871
3337,-1.312
3338,-1.473
3339,-1.291
3340,-0.907
3341,-0.365
3342,0.187
3343,0.687
3344,0.803
3345,0.771
3346,0.345
3347,-0.126
3348,-0.697
3349,-1.139
3350,-1.325
3351,-1.2
3352,-0.78
3353,-0.206
3354,0.412
3355,0.967
3356,1.292
3357,1.246
3358,1.041
3359,0.48
3360,-0.158
3361,-0.775
3362,-1.213
3363,-1.375
3364,-1.242
3365,-0.803
3366,-0.372
3367,0.168
3368,0.575
3369,0.748
3370,0.662
3371,0.312
3372,-0.078
3373,-0.563
3374,-1.061
3375,-1.224
3376,-1.12
3377,-0.805
3378,-0.246
3379,0.293
3380,0.881
3381,1.159
3382,1.17
3383,0.958
3384,0.503
3385,-0.119
3386,-0.679
3387,-1.059
3388,-1.206
3389,-1.131
3390,-0.852
3391,-0.355
3392,0.161
3393,0.549
3394,0.794
3395,0.628
3396,0.389
3397,-0.03
3398,-0.492
3399,-0.966
3400,-1.138
3401,-1.081
3402,-0.791
3403,-0.319
3404,0.246
3405,0.641
3406,1.04
3407,1.072
3408,0.843
3409,0.477
3410,-0.151
3411,-0.669
3412,-0.98
3413,-1.214
3414,-1.09
3415,-0.734
3416,-0.221
3417,0.257
3418,0.595
3419,0.789
3420,0.702
3421,0.398
3422,-0.06
3423,-0.567
3424,-1.042
3425,-1.162
3426,-1.129
3427,-0.785
3428,-0.322
3429,0.252
3430,0.714
3431,1.03
3432,1.031
3433,0.769
3434,0.385
3435,-0.209
3436,-0.732
3437,-1.136
3438,-1.232
3439,-1.006
3440,-0.604
3441,-0.097
3442,0.443
3443,0.858
3444,0.959
3445,0.754
3446,0.392
3447,-0.169
3448,-0.707
3449,-1.13
3450,-1.316
3451,-1.237
3452,-0.836
3453,-0.308
3454,0.203
3455,0.829
3456,1.053
3457,0.973
3458,0.669
3459,0.12
3460,-0.376
3461,-0.871
3462,-1.212
3463,-1.189
3464,-0.925
3465,-0.462
3466,0.166
3467,0.721
3468,1.041
3469,1.095
3470,0.837
3471,0.328
3472,-0.3
3473,-0.932
3474,-1.337
3475,-1.482
3476,-1.223
3477,-0.852
3478,-0.136
3479,0.486
3480,0.893
3481,1.006
3482,0.934
3483,0.519
3484,-0.107
3485,-0.709
3486,-1.119
3487,-1.345
3488,-1.263
3489,-0.848
3490,-0.176
3491,0.502
3492,1.068
3493,1.31
3494,1.268
3495,0.902
3496,0.221
3497,-0.534
3498,-1.171
3499,-1.556
3500,-1.546
3501,-1.285
3502,-0.682
3503,0.018
3504,0.639
3505,1.025
3506,1.156
3507,0.872
3508,0.338
3509,-0.379
3510,-0.965
3511,-1.447
3512,-1.45
3513,-1.265
3514,-0.604
3515,0.156
3516,0.852
3517,1.412
3518,1.615
3519,1.29
3520,0.801
3521,-0.073
3522,-0.837
3523,-1.398
3524,-1.778
3525,-1.712
3526,-1.23
3527,-0.46
3528,0.19
3529,0.848
3530,1.263
3531,1.229
3532,0.755
3533,0.045
3534,-0.61
3535,-1.259
3536,-1.625
3537,-1.613
3538,-1.137
3539,-0.394
3540,0.48
3541,1.274
3542,1.728
3543,1.729
3544,1.429
3545,0.677
3546,-0.208
3547,-1.04
3548,-1.728
3549,-1.918
3550,-1.721
3551,-1.17
3552,-0.316
3553,0.551
3554,1.021
3555,1.318
3556,1.163
3557,0.602
3558,-0.176
3559,-1.003
3560,-1.555
3561,-1.823
3562,-1.669
3563,-0.969
3564,-0.114
3565,0.776
3566,1.53
3567,1.947
3568,1.858
3569,1.368
3570,0.496
3571,-0.417
3572,-1.305
3573,-1.86
3574,-2.024
3575,-1.649
3576,-1.003
3577,-0.147
3578,0.644
3579,1.174
3580,1.41
3581,1.096
3582,0.471
3583,-0.447
3584,-1.192
3585,-1.767
3586,-1.881
3587,-1.569
3588,-0.801
3589,0.076
3590,1.044
3591,1.729
3592,2.08
3593,1.793
3594,1.266
3595,0.363
3596,-0.674
3597,-1.433
3598,-1.925
3599,-1.966
3600,-1.571
3601,-0.836
3602,0.101
3603,0.792
3604,1.272
3605,1.271
3606,0.899
3607,0.263
3608,-0.634
3609,-1.345
3610,-1.783
3611,-1.818
3612,-1.425
3613,-0.652
3614,0.287
3615,1.172
3616,1.744
3617,1.976
3618,1.767
3619,1.101
3620,0.13
3621,-0.753
3622,-1.569
3623,-1.897
3624,-1.793
3625,-1.423
3626,-0.688
3627,0.173
3628,0.784
3629,1.186
3630,1.199
3631,0.75
3632,0.074
3633,-0.677
3634,-1.352
3635,-1.726
3636,-1.713
3637,-1.253
3638,-0.52
3639,0.381
3640,1.16
3641,1.708
3642,1.824
3643,1.562
3644,0.887
3645,0.023
3646,-0.792
3647,-1.453
3648,-1.751
3649,-1.698
3650,-1.22
3651,-0.528
3652,0.208
3653,0.768
3654,1.102
3655,1.047
3656,0.63
3657,-0.075
3658,-0.714
3659,-1.235
3660,-1.615
3661,-1.562
3662,-1.102
3663,-0.409
3664,0.417
3665,1.058
3666,1.578
3667,1.672
3668,1.364
3669,0.778
3670,0.028
3671,-0.737
3672,-1.371
3673,-1.574
3674,-1.503
3675,-1.083
3676,-0.466
3677,0.18
3678,0.742
3679,0.962
3680,0.864
3681,0.517
3682,-0.037
3683,-0.629
3684,-1.158
3685,-1.462
3686,-1.3
3687,-0.987
3688,-0.345
3689,0.314
3690,0.96
3691,1.372
3692,1.469
3693,1.214
3694,0.684
3695,-0.026
3696,-0.699
3697,-1.175
3698,-1.388
3699,-1.339
3700,-0.937
3701,-0.384
3702,0.121
3703,0.587
3704,0.844
3705,0.808
3706,0.466
3707,0.022
3708,-0.558
3709,-1.031
3710,-1.323
3711,-1.285
3712,-0.922
3713,-0.469
3714,0.239
3715,0.762
3716,1.233
3717,1.299
3718,1.023
3719,0.577
3720,0.023
3721,-0.544
3722,-1.097
3723,-1.317
3724,-1.219
3725,-0.865
3726,-0.384
3727,0.158
3728,0.521
3729,0.718
3730,0.786
3731,0.46
3732,-0.027
3733,-0.474
3734,-0.896
3735,-1.18
3736,-1.192
3737,-0.924
3738,-0.47
3739,0.055
3740,0.59
3741,0.983
3742,1.086
3743,0.92
3744,0.491
3745,-0.015
3746,-0.614
3747,-0.963
3748,-1.127
3749,-1.155
3750,-0.828
3751,-0.339
3752,0.194
3753,0.563
3754,0.784
3755,0.725
3756,0.522
3757,0.138
3758,-0.424
3759,-0.881
3760,-1.142
3761,-1.177
3762,-0.97
3763,-0.487
3764,0.027
3765,0.523
3766,0.843
3767,1.023
3768,0.851
3769,0.435
3770,-0.029
3771,-0.59
3772,-0.992
3773,-1.165
3774,-1.108
3775,-0.714
3776,-0.3
3777,0.234
3778,0.626
3779,0.899
3780,0.849
3781,0.543
3782,0.042
3783,-0.503
3784,-0.921
3785,-1.229
3786,-1.221
3787,-1.008
3788,-0.522
3789,0.059
3790,0.541
3791,0.847
3792,0.951
3793,0.749
3794,0.346
3795,-0.192
3796,-0.697
3797,-1.046
3798,-1.198
3799,-1.038
3800,-0.648
3801,-0.114
3802,0.444
3803,0.895
3804,1.033
3805,0.954
3806,0.555
3807,-0.062
3808,-0.578
3809,-1.06
3810,-1.371
3811,-1.295
3812,-1.019
3813,-0.474
3814,0.07
3815,0.562
3816,0.904
3817,0.929
3818,0.653
3819,0.147
3820,-0.399
3821,-0.885
3822,-1.201
3823,-1.216
3824,-0.963
3825,-0.394
3826,0.159
3827,0.787
3828,1.19
3829,1.257
3830,0.999
3831,0.481
3832,-0.133
3833,-0.859
3834,-1.331
3835,-1.516
3836,-1.339
3837,-0.943
3838,-0.379
3839,0.272
3840,0.759
3841,0.989
3842,0.951
3843,0.495
3844,0.005
3845,-0.636
3846,-1.118
3847,-1.39
3848,-1.271
3849,-0.882
3850,-0.207
3851,0.533
3852,1.151
3853,1.405
3854,1.398
3855,1.018
3856,0.327
3857,-0.379
3858,-1.113
3859,-1.554
3860,-1.672
3861,-1.426
3862,-0.852
3863,-0.16
3864,0.501
3865,0.95
3866,1.116
3867,0.932
3868,0.366
3869,-0.288
3870,-1.014
3871,-1.418
3872,-1.571
3873,-1.32
3874,-0.708
3875,0.129
3876,0.899
3877,1.461
3878,1.646
3879,1.514
3880,0.983
3881,0.185
3882,-0.728
3883,-1.406
3884,-1.775
3885,-1.749
3886,-1.433
3887,-0.695
3888,0.09
3889,0.784
3890,1.174
3891,1.185
3892,0.776
3893,0.091
3894,-0.624
3895,-1.246
3896,-1.618
3897,-1.628
3898,-1.216
3899,-0.479
3900,0.375
3901,1.199
3902,1.792
3903,1.843
3904,1.601
3905,0.849
3906,-0.007
3907,-0.99
3908,-1.612
3909,-1.956
3910,-1.84
3911,-1.262
3912,-0.46
3913,0.304
3914,0.932
3915,1.281
3916,1.169
3917,0.69
3918,-0.051
3919,-0.887
3920,-1.47
3921,-1.816
3922,-1.694
3923,-1.175
3924,-0.285
3925,0.654
3926,1.495
3927,1.947
3928,1.911
3929,1.504
3930,0.715
3931,-0.228
3932,-1.149
3933,-1.776
3934,-2.0
3935,-1.737
3936,-1.081
3937,-0.323
3938,0.526
3939,1.105
3940,1.349
3941,1.151
3942,0.5
3943,-0.363
3944,-1.11
3945,-1.657
3946,-1.871
3947,-1.625
3948,-0.993
3949,-0.116
3950,0.884
3951,1.598
3952,2.068
3953,1.929
3954,1.354
3955,0.493
3956,-0.467
3957,-1.329
3958,-1.83
3959,-1.963
3960,-1.651
3961,-0.888
3962,-0.101
3963,0.7
3964,1.173
3965,1.321
3966,1.015
3967,0.304
3968,-0.393
3969,-1.181
3970,-1.745
3971,-1.883
3972,-1.516
3973,-0.829
3974,0.086
3975,0.982
3976,1.669
3977,1.99
3978,1.798
3979,1.168
3980,0.382
3981,-0.539
3982,-1.274
3983,-1.854
3984,-1.841
3985,-1.526
3986,-0.76
3987,0.01
3988,0.793
3989,1.145
3990,1.167
3991,0.859
3992,0.17
3993,-0.521
3994,-1.303
3995,-1.677
3996,-1.795
3997,-1.39
3998,-0.648
3999,0.166
4000,0.949
4001,1.565
4002,1.787
4003,1.6
4004,0.973
4005,0.227
4006,-0.716
4007,-1.339
4008,-1.706
4009,-1.653
4010,-1.283
4011,-0.679
4012,0.065
4013,0.726
4014,1.08
4015,1.074
4016,0.735
4017,0.169
4018,-0.569
4019,-1.175
4020,-1.48
4021,-1.613
4022,-1.289
4023,-0.586
4024,0.134
4025,0.868
4026,1.364
4027,1.555
4028,1.414
4029,0.87
4030,0.156
4031,-0.654
4032,-1.239
4033,-1.599
4034,-1.501
4035,-1.09
4036,-0.523
4037,0.103
4038,0.658
4039,0.95
4040,0.976
4041,0.683
4042,0.076
4043,-0.489
4044,-1.019
4045,-1.392
4046,-1.388
4047,-1.035
4048,-0.583
4049,0.097
4050,0.694
4051,1.17
4052,1.338
4053,1.165
4054,0.683
4055,0.101
4056,-0.503
4057,-1.049
4058,-1.303
4059,-1.308
4060,-0.963
4061,-0.466
4062,0.071
4063,0.601
4064,0.847
4065,0.869
4066,0.628
4067,0.159
4068,-0.443
4069,-0.879
4070,-1.213
4071,-1.307
4072,-1.104
4073,-0.605
4074,-0.036
4075,0.542
4076,0.939
4077,1.053
4078,0.98
4079,0.608
4080,0.102
4081,-0.503
4082,-0.891
4083,-1.246
4084,-1.127
4085,-0.894
4086,-0.399
4087,0.105
4088,0.597
4089,0.828
4090,0.832
4091,0.675
4092,0.196
4093,-0.318
4094,-0.774
4095,-1.17
4096,-1.209
4097,-1.068
4098,-0.656
4099,-0.126
4100,0.349
4101,0.765
4102,1.002
4103,0.899
4104,0.542
4105,0.068
4106,-0.466
4107,-0.842
4108,-1.115
4109,-1.075
4110,-0.775
4111,-0.382
4112,0.203
4113,0.561
4114,0.928
4115,0.892
4116,0.664
4117,0.181
4118,-0.305
4119,-0.82
4120,-1.15
4121,-1.242
4122,-1.051
4123,-0.693
4124,-0.18
4125,0.29
4126,0.685
4127,0.935
4128,0.77
4129,0.518
4130,-0.012
4131,-0.507
4132,-0.875
4133,-1.064
4134,-1.042
4135,-0.74
4136,-0.247
4137,0.299
4138,0.768
4139,0.997
4140,1.006
4141,0.76
4142,0.241
4143,-0.332
4144,-0.909
4145,-1.291
4146,-1.293
4147,-1.122
4148,-0.722
4149,-0.165
4150,0.347
4151,0.759
4152,0.866
4153,0.708
4154,0.393
4155,-0.147
4156,-0.63
4157,-1.033
4158,-1.174
4159,-1.009
4160,-0.617
4161,-0.05
4162,0.501
4163,0.906
4164,1.16
4165,1.11
4166,0.707
4167,0.139
4168,-0.457
4169,-1.054
4170,-1.407
4171,-1.401
4172,-1.149
4173,-0.676
4174,-0.067
4175,0.486
4176,0.814
4177,0.892
4178,0.714
4179,0.197
4180,-0.344
4181,-0.882
4182,-1.219
4183,-1.255
4184,-0.988
4185,-0.447
4186,0.259
4187,0.783
4188,1.223
4189,1.367
4190,1.176
4191,0.671
4192,0.02
4193,-0.79
4194,-1.34
4195,-1.557
4196,-1.444
4197,-1.146
4198,-0.6
4199,0.152
4200,0.673
4201,0.915
4202,0.877
4203,0.529
4204,-0.001
4205,-0.647
4206,-1.126
4207,-1.483
4208,-1.341
4209,-0.935
4210,-0.252
4211,0.48
4212,1.164
4213,1.466
4214,1.544
4215,1.206
4216,0.595
4217,-0.269
4218,-0.993
4219,-1.582
4220,-1.782
4221,-1.488
4222,-0.997
4223,-0.267
4224,0.347
4225,0.909
4226,1.138
4227,0.919
4228,0.422
4229,-0.261
4230,-0.983
4231,-1.384
4232,-1.602
4233,-1.341
4234,-0.829
4235,-0.027
4236,0.868
4237,1.456
4238,1.814
4239,1.654
4240,1.088
4241,0.379
4242,-0.548
4243,-1.275
4244,-1.761
4245,-1.872
4246,-1.479
4247,-0.768
4248,-0.036
4249,0.657
4250,1.14
4251,1.188
4252,0.868
4253,0.201
4254,-0.527
4255,-1.202
4256,-1.695
4257,-1.673
4258,-1.343
4259,-0.649
4260,0.303
4261,1.12
4262,1.757
4263,1.928
4264,1.681
4265,1.043
4266,0.136
4267,-0.865
4268,-1.58
4269,-1.898
4270,-1.866
4271,-1.401
4272,-0.669
4273,0.174
4274,0.838
4275,1.265
4276,1.202
4277,0.741
4278,0.034
4279,-0.774
4280,-1.41
4281,-1.881
4282,-1.732
4283,-1.236
4284,-0.465
4285,0.517
4286,1.346
4287,1.905
4288,2.039
4289,1.635
4290,0.874
4291,-0.114
4292,-1.077
4293,-1.721
4294,-1.956
4295,-1.856
4296,-1.262
4297,-0.408
4298,0.399
4299,1.046
4300,1.335
4301,1.15
4302,0.615
4303,-0.128
4304,-1.017
4305,-1.668
4306,-1.919
4307,-1.711
4308,-1.151
4309,-0.284
4310,0.684
4311,1.432
4312,1.954
4313,1.947
4314,1.461
4315,0.695
4316,-0.33
4317,-1.144
4318,-1.771
4319,-1.962
4320,-1.682
4321,-1.048
4322,-0.18
4323,0.553
4324,1.13
4325,1.374
4326,1.089
4327,0.537
4328,-0.239
4329,-1.095
4330,-1.639
4331,-1.897
4332,-1.607
4333,-1.001
4334,-0.126
4335,0.744
4336,1.436
4337,1.869
4338,1.717
4339,1.271
4340,0.508
4341,-0.422
4342,-1.168
4343,-1.697
4344,-1.843
4345,-1.502
4346,-0.863
4347,-0.119
4348,0.633
4349,1.132
4350,1.207
4351,0.994
4352,0.388
4353,-0.416
4354,-1.081
4355,-1.576
4356,-1.737
4357,-1.496
4358,-0.866
4359,-0.056
4360,0.751
4361,1.35
4362,1.678
4363,1.595
4364,1.055
4365,0.395
4366,-0.501
4367,-1.181
4368,-1.617
4369,-1.631
4370,-1.361
4371,-0.721
4372,-0.017
4373,0.67
4374,1.111
4375,1.178
4376,0.81
4377,0.385
4378,-0.36
4379,-1.044
4380,-1.458
4381,-1.576
4382,-1.362
4383,-0.794
4384,-0.102
4385,0.621
4386,1.16
4387,1.385
4388,1.324
4389,0.902
4390,0.248
4391,-0.453
4392,-1.065
4393,-1.436
4394,-1.411
4395,-1.171
4396,-0.614
4397,0.023
4398,0.657
4399,1.016
4400,1.065
4401,0.833
4402,0.278
4403,-0.304
4404,-0.902
4405,-1.275
4406,-1.425
4407,-1.24
4408,-0.753
4409,-0.126
4410,0.451
4411,0.951
4412,1.148
4413,1.024
4414,0.74
4415,0.197
4416,-0.423
4417,-1.005
4418,-1.255
4419,-1.325
4420,-0.947
4421,-0.539
4422,0.101
4423,0.607
4424,0.885
4425,0.946
4426,0.778
4427,0.303
4428,-0.228
4429,-0.785
4430,-1.213
4431,-1.37
4432,-1.161
4433,-0.803
4434,-0.27
4435,0.323
4436,0.78
4437,0.962
4438,0.915
4439,0.641
4440,0.109
4441,-0.378
4442,-0.827
4443,-1.093
4444,-1.187
4445,-0.908
4446,-0.471
4447,0.088
4448,0.584
4449,0.936
4450,0.954
4451,0.766
4452,0.407
4453,-0.15
4454,-0.648
4455,-1.073
4456,-1.288
4457,-1.201
4458,-0.876
4459,-0.325
4460,0.211
4461,0.657
4462,0.856
4463,0.845
4464,0.53
4465,0.079
4466,-0.355
4467,-0.794
4468,-1.051
4469,-1.045
4470,-0.8
4471,-0.333
4472,0.191
4473,0.648
4474,0.973
4475,1.034
4476,0.809
4477,0.426
4478,-0.183
4479,-0.651
4480,-1.128
4481,-1.267
4482,-1.217
4483,-0.851
4484,-0.387
4485,0.082
4486,0.564
4487,0.756
4488,0.77
4489,0.474
4490,0.049
4491,-0.479
4492,-0.875
4493,-1.086
4494,-1.007
4495,-0.689
4496,-0.283
4497,0.326
4498,0.716
4499,1.044
4500,1.084
4501,0.823
4502,0.34
4503,-0.194
4504,-0.783
4505,-1.18
4506,-1.334
4507,-1.225
4508,-0.845
4509,-0.348
4510,0.152
4511,0.632
4512,0.769
4513,0.676
4514,0.372
4515,-0.131
4516,-0.62
4517,-0.984
4518,-1.143
4519,-1.059
4520,-0.661
4521,-0.054
4522,0.531
4523,1.071
4524,1.302
4525,1.254
4526,0.829
4527,0.321
4528,-0.367
4529,-0.982
4530,-1.354
4531,-1.432
4532,-1.236
4533,-0.82
4534,-0.188
4535,0.326
4536,0.736
4537,0.836
4538,0.657
4539,0.261
4540,-0.347
4541,-0.785
4542,-1.251
4543,-1.287
4544,-1.014
4545,-0.495
4546,0.148
4547,0.803
4548,1.298
4549,1.463
4550,1.346
4551,0.845
4552,0.154
4553,-0.638
4554,-1.22
4555,-1.566
4556,-1.583
4557,-1.206
4558,-0.661
4559,0.03
4560,0.544
4561,0.956
4562,0.884
4563,0.603
4564,0.07
4565,-0.604
4566,-1.103
4567,-1.462
4568,-1.337
4569,-0.988
4570,-0.349
4571,0.426
4572,1.15
4573,1.55
4574,1.623
4575,1.326
4576,0.662
4577,-0.057
4578,-0.92
4579,-1.465
4580,-1.732
4581,-1.628
4582,-1.116
4583,-0.402
4584,0.284
4585,0.875
4586,1.112
4587,0.98
4588,0.475
4589,-0.218
4590,-0.904
4591,-1.414
4592,-1.617
4593,-1.518
4594,-0.906
4595,-0.109
4596,0.727
4597,1.471
4598,1.817
4599,1.794
4600,1.281
4601,0.54
4602,-0.34
4603,-1.161
4604,-1.764
4605,-1.87
4606,-1.584
4607,-0.935
4608,-0.142
4609,0.557
4610,1.088
4611,1.158
4612,0.99
4613,0.328
4614,-0.431
4615,-1.179
4616,-1.633
4617,-1.867
4618,-1.465
4619,-0.783
4620,0.102
4621,1.058
4622,1.648
4623,1.977
4624,1.782
4625,1.205
4626,0.266
4627,-0.685
4628,-1.42
4629,-1.885
4630,-1.947
4631,-1.49
4632,-0.728
4633,0.132
4634,0.821
4635,1.186
4636,1.307
4637,0.853
4638,0.117
4639,-0.744
4640,-1.372
4641,-1.83
4642,-1.852
4643,-1.371
4644,-0.61
4645,0.368
4646,1.164
4647,1.811
4648,1.94
4649,1.685
4650,0.983
4651,0.073
4652,-0.889
4653,-1.6
4654,-1.94
4655,-1.78
4656,-1.324
4657,-0.543
4658,0.349
4659,1.007
4660,1.421
4661,1.28
4662,0.776
4663,0.004
4664,-0.809
4665,-1.536
4666,-1.914
4667,-1.769
4668,-1.335
4669,-0.482
4670,0.483
4671,1.251
4672,1.838
4673,1.875
4674,1.555
4675,0.756
4676,-0.125
4677,-1.004
4678,-1.651
4679,-1.908
4680,-1.716
4681,-1.137
4682,-0.265
4683,0.491
4684,1.099
4685,1.409
4686,1.2
4687,0.65
4688,-0.147
4689,-0.935
4690,-1.562
4691,-1.846
4692,-1.69
4693,-1.166
4694,-0.376
4695,0.516
4696,1.293
4697,1.752
4698,1.732
4699,1.303
4700,0.556
4701,-0.33
4702,-1.068
4703,-1.61
4704,-1.763
4705,-1.524
4706,-0.882
4707,-0.164
4708,0.632
4709,1.14
4710,1.311
4711,1.141
4712,0.589
4713,-0.158
4714,-0.919
4715,-1.492
4716,-1.659
4717,-1.541
4718,-1.041
4719,-0.311
4720,0.518
4721,1.165
4722,1.512
4723,1.48
4724,1.09
4725,0.327
4726,-0.349
4727,-1.065
4728,-1.448
4729,-1.589
4730,-1.352
4731,-0.755
4732,-0.079
4733,0.636
4734,1.095
4735,1.259
4736,0.996
4737,0.511
4738,-0.21
4739,-0.826
4740,-1.34
4741,-1.552
4742,-1.43
4743,-0.966
4744,-0.274
4745,0.368
4746,0.954
4747,1.227
4748,1.209
4749,0.891
4750,0.34
4751,-0.369
4752,-0.96
4753,-1.336
4754,-1.403
4755,-1.122
4756,-0.669
4757,0.043
4758,0.576
4759,1.027
4760,1.093
4761,0.963
4762,0.509
4763,-0.107
4764,-0.76
4765,-1.19
4766,-1.444
4767,-1.322
4768,-0.911
4769,-0.36
4770,0.222
4771,0.698
4772,1.031
4773,1.01
4774,0.657
4775,0.262
4776,-0.332
4777,-0.803
4778,-1.192
4779,-1.307
4780,-0.976
4781,-0.525
4782,-0.022
4783,0.535
4784,1.024
4785,1.058
4786,0.932
4787,0.488
4788,-0.108
4789,-0.62
4790,-1.075
4791,-1.308
4792,-1.255
4793,-0.942
4794,-0.474
4795,0.032
4796,0.55
4797,0.755
4798,0.779
4799,0.637
4800,0.213
4801,-0.304
4802,-0.798
4803,-1.066
4804,-1.101
4805,-0.933
4806,-0.489
4807,0.08
4808,0.611
4809,0.92
4810,1.085
4811,0.865
4812,0.563
4813,-0.012
4814,-0.538
4815,-1.012
4816,-1.215
4817,-1.27
4818,-0.964
4819,-0.549
4820,-0.036
4821,0.413
4822,0.672
4823,0.739
4824,0.537
4825,0.16
4826,-0.313
4827,-0.717
4828,-0.98
4829,-1.071
4830,-0.794
4831,-0.431
4832,0.152
4833,0.659
4834,0.942
4835,1.121
4836,0.949
4837,0.542
4838,0.054
4839,-0.583
4840,-1.057
4841,-1.286
4842,-1.256
4843,-1.013
4844,-0.524
4845,-0.028
4846,0.338
4847,0.657
4848,0.68
4849,0.491
4850,-0.005
4851,-0.325
4852,-0.8
4853,-1.049
4854,-1.005
4855,-0.697
4856,-0.266
4857,0.303
4858,0.799
4859,1.135
4860,1.203
4861,0.978
4862,0.519
4863,-0.108
4864,-0.681
4865,-1.202
4866,-1.375
4867,-1.321
4868,-0.989
4869,-0.508
4870,0.142
4871,0.535
4872,0.689
4873,0.696
4874,0.38
4875,-0.096
4876,-0.612
4877,-0.965
4878,-1.187
4879,-1.042
4880,-0.671
4881,-0.095
4882,0.464
4883,1.039
4884,1.35
4885,1.315
4886,0.987
4887,0.491
4888,-0.236
4889,-0.867
4890,-1.363
4891,-1.536
4892,-1.357
4893,-0.915
4894,-0.363
4895,0.245
4896,0.618
4897,0.794
4898,0.705
4899,0.3
4900,-0.282
4901,-0.848
4902,-1.235
4903,-1.325
4904,-1.081
4905,-0.571
4906,0.062
4907,0.731
4908,1.305
4909,1.511
4910,1.401
4911,0.999
4912,0.292
4913,-0.492
4914,-1.193
4915,-1.546
4916,-1.572
4917,-1.32
4918,-0.711
4919,-0.046
4920,0.564
4921,0.897
4922,0.957
4923,0.7
4924,0.132
4925,-0.545
4926,-1.122
4927,-1.446
4928,-1.496
4929,-1.103
4930,-0.419
4931,0.268
4932,1.114
4933,1.603
4934,1.695
4935,1.462
4936,0.837
4937,0.062
4938,-0.769
4939,-1.481
4940,-1.729
4941,-1.665
4942,-1.206
4943,-0.544
4944,0.268
4945,0.842
4946,1.084
4947,0.985
4948,0.578
4949,-0.071
4950,-0.807
4951,-1.364
4952,-1.655
4953,-1.529
4954,-1.042
4955,-0.312
4956,0.595
4957,1.382
4958,1.789
4959,1.825
4960,1.389
4961,0.62
4962,-0.258
4963,-1.091
4964,-1.706
4965,-1.885
4966,-1.667
4967,-1.009
4968,-0.259
4969,0.571
4970,1.133
4971,1.278
4972,1.029
4973,0.417
4974,-0.347
4975,-1.124
4976,-1.606
4977,-1.837
4978,-1.583
4979,-1.024
4980,-0.111
4981,0.867
4982,1.574
4983,1.916
4984,1.832
4985,1.322
4986,0.417
4987,-0.526
4988,-1.347
4989,-1.782
4990,-1.981
4991,-1.52
4992,-0.832
4993,0.045
4994,0.785
4995,1.297
4996,1.403
4997,1.127
4998,0.369
4999,-0.531
5000,-1.306
5001,-1.823
5002,-1.965
5003,-1.57
5004,-0.811
5005,0.06
5006,1.04
5007,1.69
5008,1.912
5009,1.717
5010,1.135
5011,0.211
5012,-0.755
5013,-1.525
5014,-1.913
5015,-1.875
5016,-1.44
5017,-0.537
5018,0.277
5019,1.019
5020,1.417
5021,1.379
5022,0.954
5023,0.161
5024,-0.588
5025,-1.451
5026,-1.896
5027,-1.901
5028,-1.43
5029,-0.705
5030,0.182
5031,1.116
5032,1.685
5033,1.847
5034,1.565
5035,0.943
5036,0.049
5037,-0.924
5038,-1.524
5039,-1.854
5040,-1.703
5041,-1.227
5042,-0.39
5043,0.426
5044,1.142
5045,1.476
5046,1.288
5047,0.86
5048,0.136
5049,-0.739
5050,-1.411
5051,-1.806
5052,-1.776
5053,-1.354
5054,-0.639
5055,0.229
5056,1.06
5057,1.536
5058,1.63
5059,1.302
5060,0.651
5061,-0.134
5062,-0.968
5063,-1.564
5064,-1.704
5065,-1.529
5066,-0.971
5067,-0.168
5068,0.55
5069,1.144
5070,1.356
5071,1.25
5072,0.784
5073,-0.003
5074,-0.723
5075,-1.356
5076,-1.688
5077,-1.61
5078,-1.216
5079,-0.503
5080,0.195
5081,0.907
5082,1.324
5083,1.351
5084,1.105
5085,0.553
5086,-0.246
5087,-0.912
5088,-1.392
5089,-1.555
5090,-1.368
5091,-0.814
5092,-0.146
5093,0.631
5094,1.085
5095,1.286
5096,1.181
5097,0.664
5098,0.017
5099,-0.655
5100,-1.193
5101,-1.51
5102,-1.483
5103,-1.132
5104,-0.537
5105,0.126
5106,0.676
5107,1.072
5108,1.093
5109,0.866
5110,0.343
5111,-0.187
5112,-0.842
5113,-1.272
5114,-1.338
5115,-1.11
5116,-0.607
5117,-0.062
5118,0.515
5119,1.038
5120,1.159
5121,1.062
5122,0.663
5123,0.08
5124,-0.528
5125,-1.093
5126,-1.377
5127,-1.372
5128,-1.084
5129,-0.593
5130,-0.006
5131,0.525
5132,0.845
5133,0.917
5134,0.653
5135,0.282
5136,-0.232
5137,-0.72
5138,-1.1
5139,-1.188
5140,-1.0
5141,-0.549
5142,0.018
5143,0.526
5144,0.984
5145,1.142
5146,1.035
5147,0.672
5148,0.164
5149,-0.439
5150,-0.886
5151,-1.287
5152,-1.29
5153,-1.101
5154,-0.688
5155,-0.146
5156,0.338
5157,0.745
5158,0.744
5159,0.559
5160,0.242
5161,-0.293
5162,-0.68
5163,-0.983
5164,-1.041
5165,-0.864
5166,-0.516
5167,0.016
5168,0.525
5169,0.919
5170,1.144
5171,1.008
5172,0.69
5173,0.151
5174,-0.383
5175,-0.854
5176,-1.269
5177,-1.353
5178,-1.109
5179,-0.708
5180,-0.208
5181,0.239
5182,0.568
5183,0.684
5184,0.561
5185,0.13
5186,-0.268
5187,-0.677
5188,-0.998
5189,-0.983
5190,-0.865
5191,-0.441
5192,0.109
5193,0.606
5194,0.968
5195,1.18
5196,1.113
5197,0.703
5198,0.139
5199,-0.409
5200,-0.966
5201,-1.292
5202,-1.327
5203,-1.095
5204,-0.629
5205,-0.165
5206,0.314
5207,0.574
5208,0.632
5209,0.489
5210,0.116
5211,-0.385
5212,-0.785
5213,-1.033
5214,-1.054
5215,-0.803
5216,-0.344
5217,0.21
5218,0.762
5219,1.131
5220,1.347
5221,1.12
5222,0.67
5223,0.038
5224,-0.486
5225,-1.128
5226,-1.397
5227,-1.365
5228,-1.074
5229,-0.579
5230,-0.003
5231,0.431
5232,0.657
5233,0.686
5234,0.443
5235,0.046
5236,-0.573
5237,-0.929
5238,-1.184
5239,-1.104
5240,-0.785
5241,-0.244
5242,0.45
5243,1.021
5244,1.389
5245,1.407
5246,1.107
5247,0.526
5248,-0.098
5249,-0.787
5250,-1.331
5251,-1.533
5252,-1.416
5253,-1.044
5254,-0.446
5255,0.142
5256,0.624
5257,0.817
5258,0.684
5259,0.408
5260,-0.171
5261,-0.805
5262,-1.203
5263,-1.356
5264,-1.158
5265,-0.738
5266,-0.001
5267,0.668
5268,1.225
5269,1.583
5270,1.534
5271,1.151
5272,0.356
5273,-0.367
5274,-1.096
5275,-1.509
5276,-1.678
5277,-1.413
5278,-0.855
5279,-0.151
5280,0.461
5281,0.92
5282,1.028
5283,0.765
5284,0.265
5285,-0.439
5286,-1.11
5287,-1.436
5288,-1.558
5289,-1.201
5290,-0.556
5291,0.205
5292,0.919
5293,1.496
5294,1.768
5295,1.518
5296,0.954
5297,0.171
5298,-0.675
5299,-1.37
5300,-1.745
5301,-1.708
5302,-1.253
5303,-0.579
5304,0.159
5305,0.839
5306,1.153
5307,1.1
5308,0.696
5309,0.016
5310,-0.726
5311,-1.326
5312,-1.739
5313,-1.66
5314,-1.233
5315,-0.463
5316,0.382
5317,1.214
5318,1.722
5319,1.837
5320,1.48
5321,0.73
5322,-0.099
5323,-0.994
5324,-1.626
5325,-1.878
5326,-1.701
5327,-1.108
5328,-0.304
5329,0.44
5330,1.09
5331,1.355
5332,1.202
5333,0.68
5334,-0.168
5335,-0.982
5336,-1.619
5337,-1.907
5338,-1.732
5339,-1.123
5340,-0.323
5341,0.649
5342,1.359
5343,1.822
5344,1.805
5345,1.393
5346,0.529
5347,-0.471
5348,-1.312
5349,-1.8
5350,-1.901
5351,-1.578
5352,-0.896
5353,-0.001
5354,0.763
5355,1.362
5356,1.438
5357,1.169
5358,0.482
5359,-0.332
5360,-1.162
5361,-1.754
5362,-1.955
5363,-1.727
5364,-1.047
5365,-0.187
5366,0.821
5367,1.489
5368,1.82
5369,1.756
5370,1.113
5371,0.267
5372,-0.664
5373,-1.417
5374,-1.847
5375,-1.838
5376,-1.348
5377,-0.736
5378,0.23
5379,0.972
5380,1.449
5381,1.502
5382,1.112
5383,0.469
5384,-0.433
5385,-1.267
5386,-1.765
5387,-1.977
5388,-1.653
5389,-0.99
5390,-0.058
5391,0.837
5392,1.471
5393,1.721
5394,1.476
5395,0.951
5396,0.098
5397,-0.758
5398,-1.526
5399,-1.798
5400,-1.751
5401,-1.233
5402,-0.436
5403,0.396
5404,1.077
5405,1.497
5406,1.431
5407,1.083
5408,0.314
5409,-0.492
5410,-1.294
5411,-1.766
5412,-1.849
5413,-1.463
5414,-0.846
5415,0.02
5416,0.772
5417,1.27
5418,1.491
5419,1.245
5420,0.708
5421,-0.1
5422,-0.81
5423,-1.422
5424,-1.671
5425,-1.497
5426,-0.983
5427,-0.28
5428,0.474
5429,1.07
5430,1.425
5431,1.364
5432,0.956
5433,0.251
5434,-0.499
5435,-1.22
5436,-1.621
5437,-1.64
5438,-1.352
5439,-0.766
5440,-0.051
5441,0.631
5442,1.09
5443,1.237
5444,1.058
5445,0.516
5446,-0.192
5447,-0.76
5448,-1.286
5449,-1.517
5450,-1.319
5451,-0.827
5452,-0.113
5453,0.495
5454,1.106
5455,1.39
5456,1.257
5457,0.869
5458,0.22
5459,-0.46
5460,-1.071
5461,-1.433
5462,-1.486
5463,-1.284
5464,-0.811
5465,-0.123
5466,0.476
5467,0.882
5468,0.991
5469,0.826
5470,0.436
5471,-0.167
5472,-0.749
5473,-1.155
5474,-1.286
5475,-1.072
5476,-0.699
5477,-0.102
5478,0.499
5479,1.036
5480,1.307
5481,1.203
5482,0.841
5483,0.28
5484,-0.431
5485,-0.907
5486,-1.297
5487,-1.383
5488,-1.224
5489,-0.79
5490,-0.25
5491,0.315
5492,0.647
5493,0.857
5494,0.678
5495,0.273
5496,-0.175
5497,-0.672
5498,-1.07
5499,-1.081
5500,-0.966
5501,-0.59
5502,-0.066
5503,0.45
5504,0.931
5505,1.209
5506,1.112
5507,0.757
5508,0.313
5509,-0.282
5510,-0.822
5511,-1.18
5512,-1.309
5513,-1.177
5514,-0.785
5515,-0.378
5516,0.168
5517,0.533
5518,0.627
5519,0.527
5520,0.244
5521,-0.185
5522,-0.581
5523,-0.947
5524,-1.072
5525,-0.932
5526,-0.518
5527,-0.041
5528,0.495
5529,0.939
5530,1.216
5531,1.121
5532,0.882
5533,0.347
5534,-0.256
5535,-0.724
5536,-1.214
5537,-1.331
5538,-1.229
5539,-0.813
5540,-0.315
5541,0.163
5542,0.508
5543,0.615
5544,0.519
5545,0.178
5546,-0.137
5547,-0.615
5548,-0.956
5549,-1.002
5550,-0.918
5551,-0.494
5552,0.017
5553,0.592
5554,1.012
5555,1.19
5556,1.175
5557,0.871
5558,0.304
5559,-0.288
5560,-0.9
5561,-1.245
5562,-1.376
5563,-1.172
5564,-0.806
5565,-0.282
5566,0.219
5567,0.554
5568,0.659
5569,0.483
5570,0.163
5571,-0.316
5572,-0.756
5573,-1.055
5574,-1.132
5575,-0.948
5576,-0.461
5577,0.148
5578,0.681
5579,1.156
5580,1.391
5581,1.237
5582,0.843
5583,0.201
5584,-0.434
5585,-1.052
5586,-1.386
5587,-1.491
5588,-1.123
5589,-0.644
5590,-0.148
5591,0.362
5592,0.659
5593,0.737
5594,0.526
5595,-0.003
5596,-0.468
5597,-0.956
5598,-1.214
5599,-1.188
5600,-0.892
5601,-0.338
5602,0.32
5603,0.966
5604,1.359
5605,1.455
5606,1.172
5607,0.671
5608,0.014
5609,-0.712
5610,-1.236
5611,-1.463
5612,-1.41
5613,-1.058
5614,-0.498
5615,0.061
5616,0.631
5617,0.871
5618,0.82
5619,0.436
5620,-0.133
5621,-0.783
5622,-1.238
5623,-1.41
5624,-1.25
5625,-0.856
5626,-0.169
5627,0.59
5628,1.164
5629,1.555
5630,1.514
5631,1.185
5632,0.504
5633,-0.278
5634,-1.035
5635,-1.482
5636,-1.585
5637,-1.451
5638,-0.899
5639,-0.19
5640,0.495
5641,0.923
5642,0.999
5643,0.907
5644,0.366
5645,-0.399
5646,-1.036
5647,-1.441
5648,-1.578
5649,-1.34
5650,-0.782
5651,0.018
5652,0.814
5653,1.467
5654,1.679
5655,1.54
5656,1.069
5657,0.253
5658,-0.558
5659,-1.335
5660,-1.722
5661,-1.751
5662,-1.331
5663,-0.696
5664,0.12
5665,0.779
5666,1.25
5667,1.271
5668,0.824
5669,0.244
5670,-0.517
5671,-1.299
5672,-1.752
5673,-1.682
5674,-1.421
5675,-0.66
5676,0.227
5677,1.092
5678,1.633
5679,1.775
5680,1.484
5681,0.844
5682,-0.053
5683,-0.902
5684,-1.589
5685,-1.911
5686,-1.681
5687,-1.188
5688,-0.413
5689,0.464
5690,1.14
5691,1.407
5692,1.358
5693,0.8
5694,0.092
5695,-0.806
5696,-1.544
5697,-1.927
5698,-1.839
5699,-1.317
5700,-0.523
5701,0.399
5702,1.222
5703,1.7
5704,1.766
5705,1.317
5706,0.656
5707,-0.285
5708,-1.177
5709,-1.684
5710,-1.909
5711,-1.658
5712,-0.938
5713,-0.082
5714,0.77
5715,1.363
5716,1.612
5717,1.361
5718,0.761
5719,-0.175
5720,-1.012
5721,-1.625
5722,-1.999
5723,-1.838
5724,-1.257
5725,-0.426
5726,0.465
5727,1.284
5728,1.704
5729,1.659
5730,1.179
5731,0.392
5732,-0.487
5733,-1.319
5734,-1.816
5735,-1.861
5736,-1.447
5737,-0.692
5738,0.132
5739,0.971
5740,1.519
5741,1.608
5742,1.322
5743,0.595
5744,-0.293
5745,-1.084
5746,-1.727
5747,-1.94
5748,-1.734
5749,-1.16
5750,-0.294
5751,0.536
5752,1.292
5753,1.532
5754,1.458
5755,0.924
5756,0.196
5757,-0.676
5758,-1.381
5759,-1.719
5760,-1.705
5761,-1.244
5762,-0.549
5763,0.289
5764,1.081
5765,1.527
5766,1.61
5767,1.228
5768,0.548
5769,-0.352
5770,-1.043
5771,-1.659
5772,-1.813
5773,-1.629
5774,-1.017
5775,-0.29
5776,0.539
5777,1.101
5778,1.363
5779,1.243
5780,0.695
5781,0.001
5782,-0.712
5783,-1.254
5784,-1.607
5785,-1.489
5786,-1.054
5787,-0.289
5788,0.379
5789,1.097
5790,1.43
5791,1.415
5792,1.136
5793,0.481
5794,-0.311
5795,-1.027
5796,-1.426
5797,-1.684
5798,-1.451
5799,-0.973
5800,-0.263
5801,0.397
5802,0.894
5803,1.168
5804,1.015
5805,0.55
5806,-0.139
5807,-0.717
5808,-1.117
5809,-1.422
5810,-1.265
5811,-0.828
5812,-0.227
5813,0.435
5814,0.97
5815,1.394
5816,1.347
5817,1.044
5818,0.415
5819,-0.256
5820,-0.899
5821,-1.347
5822,-1.547
5823,-1.316
5824,-0.94
5825,-0.39
5826,0.241
5827,0.686
5828,0.88
5829,0.815
5830,0.408
5831,-0.105
5832,-0.672
5833,-1.029
5834,-1.226
5835,-1.134
5836,-0.797
5837,-0.131
5838,0.405
5839,0.946
5840,1.276
5841,1.237
5842,0.938
5843,0.398
5844,-0.15
5845,-0.789
5846,-1.121
5847,-1.417
5848,-1.307
5849,-0.943
5850,-0.417
5851,0.08
5852,0.517
5853,0.663
5854,0.59
5855,0.287
5856,-0.166
5857,-0.582
5858,-0.942
5859,-1.114
5860,-0.964
5861,-0.625
5862,-0.16
5863,0.362
5864,0.886
5865,1.175
5866,1.196
5867,0.939
5868,0.462
5869,-0.123
5870,-0.707
5871,-1.114
5872,-1.308
5873,-1.276
5874,-0.904
5875,-0.514
5876,-0.047
5877,0.406
5878,0.571
5879,0.57
5880,0.233
5881,-0.055
5882,-0.512
5883,-0.924
5884,-1.079
5885,-0.897
5886,-0.645
5887,-0.154
5888,0.352
5889,0.885
5890,1.175
5891,1.227
5892,0.912
5893,0.436
5894,-0.095
5895,-0.653
5896,-1.163
5897,-1.282
5898,-1.243
5899,-0.905
5900,-0.482
5901,-0.069
5902,0.392
5903,0.623
5904,0.519
5905,0.267
5906,-0.138
5907,-0.66
5908,-0.865
5909,-1.086
5910,-0.934
5911,-0.6
5912,-0.041
5913,0.499
5914,0.957
5915,1.208
5916,1.252
5917,0.882
5918,0.446
5919,-0.224
5920,-0.738
5921,-1.19
5922,-1.338
5923,-1.236
5924,-0.931
5925,-0.405
5926,0.147
5927,0.513
5928,0.701
5929,0.575
5930,0.203
5931,-0.258
5932,-0.702
5933,-1.114
5934,-1.101
5935,-0.967
5936,-0.52
5937,-0.023
5938,0.664
5939,1.171
5940,1.296
5941,1.281
5942,0.884
5943,0.25
5944,-0.355
5945,-0.934
5946,-1.354
5947,-1.384
5948,-1.249
5949,-0.786
5950,-0.169
5951,0.357
5952,0.684
5953,0.81
5954,0.594
5955,0.164
5956,-0.416
5957,-0.903
5958,-1.258
5959,-1.222
5960,-1.035
5961,-0.416
5962,0.19
5963,0.791
5964,1.332
5965,1.454
5966,1.288
5967,0.805
5968,0.093
5969,-0.649
5970,-1.176
5971,-1.503
5972,-1.441
5973,-1.164
5974,-0.505
5975,0.107
5976,0.712
5977,0.97
5978,0.921
5979,0.576
5980,-0.043
5981,-0.608
5982,-1.135
5983,-1.464
5984,-1.367
5985,-1.028
5986,-0.377
5987,0.404
5988,1.085
5989,1.474
5990,1.556
5991,1.223
5992,0.555
5993,-0.181
5994,-0.915
5995,-1.462
5996,-1.617
5997,-1.489
5998,-0.916
5999,-0.258
6000,0.449
6001,0.981
6002,1.166
6003,0.995
6004,0.492
6005,-0.188
6006,-0.946
6007,-1.527
6008,-1.659
6009,-1.535
6010,-0.968
6011,-0.173
6012,0.644
6013,1.336
6014,1.658
6015,1.544
6016,1.163
6017,0.348
6018,-0.515
6019,-1.222
6020,-1.689
6021,-1.728
6022,-1.299
6023,-0.706
6024,0.104
6025,0.851
6026,1.347
6027,1.346
6028,0.995
6029,0.371
6030,-0.486
6031,-1.222
6032,-1.713
6033,-1.88
6034,-1.588
6035,-0.873
6036,0.022
6037,0.801
6038,1.505
6039,1.748
6040,1.548
6041,0.955
6042,0.136
6043,-0.824
6044,-1.508
6045,-1.861
6046,-1.744
6047,-1.18
6048,-0.467
6049,0.421
6050,1.212
6051,1.59
6052,1.5
6053,1.06
6054,0.258
6055,-0.604
6056,-1.429
6057,-1.867
6058,-1.85
6059,-1.497
6060,-0.753
6061,0.183
6062,0.994
6063,1.638
6064,1.71
6065,1.38
6066,0.671
6067,-0.162
6068,-1.033
6069,-1.694
6070,-1.88
6071,-1.705
6072,-1.019
6073,-0.141
6074,0.783
6075,1.385
6076,1.665
6077,1.515
6078,0.921
6079,0.145
6080,-0.766
6081,-1.556
6082,-1.928
6083,-1.91
6084,-1.432
6085,-0.642
6086,0.267
6087,1.02
6088,1.55
6089,1.585
6090,1.215
6091,0.466
6092,-0.419
6093,-1.241
6094,-1.732
6095,-1.817
6096,-1.535
6097,-0.799
6098,0.09
6099,0.911
6100,1.518
6101,1.747
6102,1.461
6103,0.87
6104,-0.037
6105,-0.869
6106,-1.526
6107,-1.954
6108,-1.807
6109,-1.335
6110,-0.502
6111,0.279
6112,1.039
6113,1.387
6114,1.384
6115,0.935
6116,0.279
6117,-0.584
6118,-1.247
6119,-1.688
6120,-1.696
6121,-1.295
6122,-0.616
6123,0.26
6124,1.079
6125,1.529
6126,1.719
6127,1.44
6128,0.732
6129,-0.12
6130,-0.895
6131,-1.546
6132,-1.752
6133,-1.682
6134,-1.222
6135,-0.516
6136,0.312
6137,0.877
6138,1.211
6139,1.181
6140,0.731
6141,0.097
6142,-0.619
6143,-1.195
6144,-1.52
6145,-1.503
6146,-1.092
6147,-0.438
6148,0.303
6149,1.046
6150,1.538
6151,1.541
6152,1.253
6153,0.652
6154,-0.064
6155,-0.82
6156,-1.399
6157,-1.67
6158,-1.53
6159,-1.154
6160,-0.478
6161,0.204
6162,0.67
6163,0.928
6164,0.967
6165,0.545
6166,0.041
6167,-0.607
6168,-1.107
6169,-1.343
6170,-1.32
6171,-0.916
6172,-0.33
6173,0.328
6174,0.987
6175,1.355
6176,1.428
6177,1.133
6178,0.682
6179,-0.022
6180,-0.693
6181,-1.243
6182,-1.528
6183,-1.346
6184,-1.055
6185,-0.545
6186,0.061
6187,0.549
6188,0.759
6189,0.768
6190,0.473
6191,-0.058
6192,-0.562
6193,-0.939
6194,-1.266
6195,-1.131
6196,-0.84
6197,-0.281
6198,0.334
6199,0.879
6200,1.226
6201,1.285
6202,1.163
6203,0.677
6204,-0.028
6205,-0.564
6206,-1.109
6207,-1.344
6208,-1.32
6209,-1.052
6210,-0.544
6211,-0.061
6212,0.351
6213,0.569
6214,0.583
6215,0.327
6216,-0.023
6217,-0.514
6218,-0.87
6219,-1.025
6220,-0.988
6221,-0.734
6222,-0.255
6223,0.366
6224,0.837
6225,1.152
6226,1.204
6227,1.064
6228,0.644
6229,0.024
6230,-0.54
6231,-1.034
6232,-1.288
6233,-1.352
6234,-1.031
6235,-0.569
6236,-0.133
6237,0.306
6238,0.527
6239,0.577
6240,0.349
6241,-0.049
6242,-0.416
6243,-0.8
6244,-1.047
6245,-0.978
6246,-0.696
6247,-0.225
6248,0.256
6249,0.84
6250,1.128
6251,1.216
6252,1.11
6253,0.606
6254,0.01
6255,-0.633
6256,-0.994
6257,-1.325
6258,-1.296
6259,-1.007
6260,-0.514
6261,-0.04
6262,0.349
6263,0.599
6264,0.568
6265,0.353
6266,-0.052
6267,-0.48
6268,-0.859
6269,-1.066
6270,-1.032
6271,-0.687
6272,-0.212
6273,0.332
6274,0.863
6275,1.199
6276,1.273
6277,0.999
6278,0.489
6279,-0.082
6280,-0.68
6281,-1.13
6282,-1.312
6283,-1.226
6284,-0.937
6285,-0.441
6286,0.07
6287,0.535
6288,0.753
6289,0.629
6290,0.315
6291,-0.107
6292,-0.638
6293,-1.029
6294,-1.24
6295,-1.064
6296,-0.723
6297,-0.158
6298,0.485
6299,0.995
6300,1.291
6301,1.232
6302,0.974
6303,0.416
6304,-0.34
6305,-0.86
6306,-1.322
6307,-1.388
6308,-1.22
6309,-0.768
6310,-0.193
6311,0.407
6312,0.722
6313,0.894
6314,0.724
6315,0.274
6316,-0.253
6317,-0.895
6318,-1.236
6319,-1.37
6320,-1.109
6321,-0.645
6322,0.01
6323,0.731
6324,1.184
6325,1.373
6326,1.267
6327,0.848
6328,0.204
6329,-0.554
6330,-1.115
6331,-1.525
6332,-1.484
6333,-1.133
6334,-0.541
6335,0.135
6336,0.731
6337,1.031
6338,1.049
6339,0.709
6340,0.097
6341,-0.562
6342,-1.164
6343,-1.521
6344,-1.526
6345,-1.175
6346,-0.558
6347,0.255
6348,0.887
6349,1.371
6350,1.593
6351,1.21
6352,0.609
6353,-0.098
6354,-0.938
6355,-1.439
6356,-1.585
6357,-1.524
6358,-1.023
6359,-0.286
6360,0.53
6361,1.107
6362,1.305
6363,1.198
6364,0.72
6365,0.001
6366,-0.835
6367,-1.516
6368,-1.772
6369,-1.658
6370,-1.166
6371,-0.409
6372,0.467
6373,1.182
6374,1.544
6375,1.579
6376,1.144
6377,0.417
6378,-0.404
6379,-1.188
6380,-1.61
6381,-1.796
6382,-1.43
6383,-0.746
6384,0.105
6385,0.912
6386,1.402
6387,1.497
6388,1.272
6389,0.616
6390,-0.315
6391,-1.09
6392,-1.743
6393,-1.937
6394,-1.724
6395,-1.063
6396,-0.236
6397,0.595
6398,1.34
6399,1.587
6400,1.512
6401,0.939
6402,0.14
6403,-0.713
6404,-1.434
6405,-1.789
6406,-1.771
6407,-1.27
6408,-0.498
6409,0.421
6410,1.207
6411,1.649
6412,1.616
6413,1.252
6414,0.481
6415,-0.474
6416,-1.339
6417,-1.816
6418,-1.981
6419,-1.68
6420,-1.012
6421,-0.11
6422,0.817
6423,1.4
6424,1.596
6425,1.392
6426,0.726
6427,-0.059
6428,-0.926
6429,-1.629
6430,-1.899
6431,-1.77
6432,-1.135
6433,-0.266
6434,0.692
6435,1.412
6436,1.751
6437,1.694
6438,1.189
6439,0.352
6440,-0.664
6441,-1.43
6442,-1.963
6443,-1.95
6444,-1.564
6445,-0.883
6446,0.004
6447,0.824
6448,1.304
6449,1.508
6450,1.179
6451,0.554
6452,-0.348
6453,-1.134
6454,-1.712
6455,-1.853
6456,-1.574
6457,-0.848
6458,-0.023
6459,0.878
6460,1.523
6461,1.777
6462,1.641
6463,1.086
6464,0.184
6465,-0.668
6466,-1.476
6467,-1.891
6468,-1.861
6469,-1.483
6470,-0.749
6471,0.067
6472,0.808
6473,1.179
6474,1.253
6475,0.986
6476,0.354
6477,-0.482
6478,-1.168
6479,-1.6
6480,-1.657
6481,-1.403
6482,-0.704
6483,0.147
6484,0.98
6485,1.609
6486,1.734
6487,1.488
6488,0.964
6489,0.185
6490,-0.695
6491,-1.409
6492,-1.72
6493,-1.705
6494,-1.363
6495,-0.669
6496,0.086
6497,0.725
6498,1.059
6499,1.071
6500,0.792
6501,0.136
6502,-0.498
6503,-1.154
6504,-1.438
6505,-1.493
6506,-1.105
6507,-0.505
6508,0.201
6509,0.992
6510,1.492
6511,1.631
6512,1.368
6513,0.845
6514,0.125
6515,-0.66
6516,-1.199
6517,-1.574
6518,-1.642
6519,-1.21
6520,-0.667
6521,-0.021
6522,0.518
6523,0.872
6524,0.899
6525,0.593
6526,0.074
6527,-0.498
6528,-1.002
6529,-1.32
6530,-1.273
6531,-0.963
6532,-0.375
6533,0.286
6534,0.854
6535,1.335
6536,1.422
6537,1.283
6538,0.772
6539,0.105
6540,-0.534
6541,-1.178
6542,-1.462
6543,-1.425
6544,-1.142
6545,-0.677
6546,-0.161
6547,0.345
6548,0.675
6549,0.716
6550,0.473
6551,0.091
6552,-0.428
6553,-0.901
6554,-1.145
6555,-1.179
6556,-0.87
6557,-0.346
6558,0.235
6559,0.819
6560,1.168
6561,1.358
6562,1.159
6563,0.794
6564,0.166
6565,-0.432
6566,-0.929
6567,-1.289
6568,-1.316
6569,-1.061
6570,-0.687
6571,-0.226
6572,0.326
6573,0.535
6574,0.611
6575,0.461
6576,0.044
6577,-0.414
6578,-0.781
6579,-1.09
6580,-1.061
6581,-0.81
6582,-0.385
6583,0.125
6584,0.749
6585,1.09
6586,1.278
6587,1.097
6588,0.698
6589,0.185
6590,-0.42
6591,-0.953
6592,-1.181
6593,-1.294
6594,-1.125
6595,-0.633
6596,-0.208
6597,0.229
6598,0.48
6599,0.648
6600,0.386
6601,0.071
6602,-0.343
6603,-0.76
6604,-1.025
6605,-1.096
6606,-0.841
6607,-0.377
6608,0.137
6609,0.692
6610,1.087
6611,1.236
6612,1.034
6613,0.749
6614,0.155
6615,-0.458
6616,-0.918
6617,-1.168
6618,-1.305
6619,-1.032
6620,-0.671
6621,-0.094
6622,0.355
6623,0.616
6624,0.631
6625,0.378
6626,0.053
6627,-0.389
6628,-0.872
6629,-1.089
6630,-1.149
6631,-0.824
6632,-0.376
6633,0.188
6634,0.726
6635,1.106
6636,1.236
6637,0.998
6638,0.586
6639,0.005
6640,-0.631
6641,-1.019
6642,-1.334
6643,-1.276
6644,-0.966
6645,-0.385
6646,0.12
6647,0.521
6648,0.815
6649,0.747
6650,0.445
6651,-0.058
6652,-0.607
6653,-1.018
6654,-1.271
6655,-1.139
6656,-0.887
6657,-0.249
6658,0.332
6659,0.896
6660,1.249
6661,1.239
6662,1.003
6663,0.365
6664,-0.229
6665,-0.853
6666,-1.295
6667,-1.407
6668,-1.213
6669,-0.759
6670,-0.177
6671,0.385
6672,0.846
6673,0.994
6674,0.857
6675,0.415
6676,-0.209
6677,-0.845
6678,-1.29
6679,-1.461
6680,-1.295
6681,-0.815
6682,-0.145
6683,0.522
6684,1.076
6685,1.354
6686,1.26
6687,0.839
6688,0.171
6689,-0.514
6690,-1.094
6691,-1.486
6692,-1.485
6693,-1.129
6694,-0.535
6695,0.115
6696,0.8
6697,1.187
6698,1.161
6699,0.856
6700,0.323
6701,-0.439
6702,-1.167
6703,-1.579
6704,-1.635
6705,-1.377
6706,-0.759
6707,0.014
6708,0.792
6709,1.264
6710,1.486
6711,1.288
6712,0.739
6713,-0.046
6714,-0.876
6715,-1.384
6716,-1.617
6717,-1.506
6718,-0.946
6719,-0.235
6720,0.538
6721,1.179
6722,1.461
6723,1.28
6724,0.86
6725,0.167
6726,-0.717
6727,-1.396
6728,-1.811
6729,-1.71
6730,-1.293
6731,-0.65
6732,0.222
6733,0.946
6734,1.452
6735,1.516
6736,1.176
6737,0.484
6738,-0.27
6739,-1.162
6740,-1.697
6741,-1.779
6742,-1.506
6743,-0.84
6744,0.029
6745,0.859
6746,1.451
6747,1.698
6748,1.425
6749,0.804
6750,-0.03
6751,-0.967
6752,-1.641
6753,-1.942
6754,-1.884
6755,-1.357
6756,-0.461
6757,0.424
6758,1.196
6759,1.524
6760,1.493
6761,0.99
6762,0.234
6763,-0.595
6764,-1.451
6765,-1.796
6766,-1.73
6767,-1.331
6768,-0.506
6769,0.347
6770,1.194
6771,1.724
6772,1.748
6773,1.408
6774,0.664
6775,-0.218
6776,-1.119
6777,-1.783
6778,-2.005
6779,-1.81
6780,-1.145
6781,-0.321
6782,0.554
6783,1.211
6784,1.53
6785,1.342
6786,0.826
6787,-0.051
6788,-0.906
6789,-1.527
6790,-1.864
6791,-1.739
6792,-1.138
6793,-0.333
6794,0.613
6795,1.447
6796,1.894
6797,1.884
6798,1.363
6799,0.601
6800,-0.42
6801,-1.291
6802,-1.917
6803,-1.955
6804,-1.738
6805,-1.058
6806,-0.231
6807,0.639
6808,1.192
6809,1.366
6810,1.19
6811,0.541
6812,-0.242
6813,-1.076
6814,-1.637
6815,-1.799
6816,-1.638
6817,-1.01
6818,-0.108
6819,0.768
6820,1.556
6821,1.907
6822,1.738
6823,1.269
6824,0.463
6825,-0.496
6826,-1.33
6827,-1.794
6828,-1.899
6829,-1.588
6830,-0.92
6831,-0.162
6832,0.564
6833,1.099
6834,1.24
6835,0.934
6836,0.42
6837,-0.4
6838,-1.07
6839,-1.542
6840,-1.68
6841,-1.406
6842,-0.72
6843,0.009
6844,0.924
6845,1.487
6846,1.757
6847,1.64
6848,1.193
6849,0.321
6850,-0.527
6851,-1.241
6852,-1.66
6853,-1.781
6854,-1.425
6855,-0.791
6856,-0.132
6857,0.499
6858,0.909
6859,1.047
6860,0.746
6861,0.305
6862,-0.341
6863,-0.995
6864,-1.398
6865,-1.442
6866,-1.164
6867,-0.653
6868,0.087
6869,0.784
6870,1.377
6871,1.615
6872,1.421
6873,0.981
6874,0.265
6875,-0.475
6876,-1.076
6877,-1.509
6878,-1.562
6879,-1.342
6880,-0.784
6881,-0.181
6882,0.356
6883,0.737
6884,0.831
6885,0.59
6886,0.126
6887,-0.329
6888,-0.916
6889,-1.233
6890,-1.257
6891,-0.935
6892,-0.577
6893,0.115
6894,0.714
6895,1.196
6896,1.398
6897,1.275
6898,0.901
6899,0.252
6900,-0.344
6901,-0.951
6902,-1.307
6903,-1.415
6904,-1.206
6905,-0.76
6906,-0.273
6907,0.246
6908,0.566
6909,0.659
6910,0.458
6911,0.189
6912,-0.35
6913,-0.747
6914,-1.052
6915,-1.186
6916,-0.976
6917,-0.433
6918,0.11
6919,0.627
6920,1.075
6921,1.253
6922,1.204
6923,0.82
6924,0.241
6925,-0.346
6926,-0.845
6927,-1.234
6928,-1.3
6929,-1.164
6930,-0.778
6931,-0.246
6932,0.2
6933,0.517
6934,0.652
6935,0.508
6936,0.205
6937,-0.292
6938,-0.719
6939,-1.042
6940,-1.095
6941,-0.882
6942,-0.48
6943,0.036
6944,0.492
6945,1.003
6946,1.123
6947,1.143
6948,0.784
6949,0.308
6950,-0.332
6951,-0.775
6952,-1.197
6953,-1.269
6954,-1.115
6955,-0.767
6956,-0.235
6957,0.275
6958,0.624
6959,0.652
6960,0.548
6961,0.184
6962,-0.256
6963,-0.718
6964,-1.007
6965,-1.083
6966,-0.948
6967,-0.541
6968,-0.013
6969,0.553
6970,0.918
6971,1.147
6972,1.131
6973,0.774
6974,0.261
6975,-0.359
6976,-0.857
6977,-1.154
6978,-1.193
6979,-1.089
6980,-0.656
6981,-0.069
6982,0.353
6983,0.651
6984,0.703
6985,0.536
6986,0.116
6987,-0.277
6988,-0.808
6989,-1.119
6990,-1.165
6991,-0.945
6992,-0.506
6993,0.066
6994,0.575
6995,0.998
6996,1.193
6997,1.024
6998,0.644
6999,0.089
7000,-0.5
7001,-1.066
7002,-1.251
7003,-1.251
7004,-0.917
7005,-0.414
7006,0.174
7007,0.647
7008,0.917
7009,0.909
7010,0.584
7011,0.079
7012,-0.471
7013,-0.978
7014,-1.305
7015,-1.29
7016,-1.009
7017,-0.506
7018,0.192
7019,0.738
7020,1.184
7021,1.165
7022,0.968
7023,0.491
7024,-0.113
7025,-0.758
7026,-1.212
7027,-1.421
7028,-1.263
7029,-0.776
7030,-0.214
7031,0.435
7032,0.938
7033,1.09
7034,1.034
7035,0.589
7036,-0.121
7037,-0.762
7038,-1.326
7039,-1.532
7040,-1.395
7041,-1.016
7042,-0.351
7043,0.293
7044,0.955
7045,1.245
7046,1.246
7047,0.883
7048,0.234
7049,-0.474
7050,-1.038
7051,-1.438
7052,-1.456
7053,-1.156
7054,-0.562
7055,0.109
7056,0.82
7057,1.263
7058,1.411
7059,1.086
7060,0.515
7061,-0.27
7062,-1.039
7063,-1.533
7064,-1.704
7065,-1.525
7066,-0.957
7067,-0.203
7068,0.61
7069,1.074
7070,1.418
7071,1.206
7072,0.691
7073,0.039
7074,-0.741
7075,-1.33
7076,-1.628
7077,-1.474
7078,-1.026
7079,-0.297
7080,0.537
7081,1.245
7082,1.551
7083,1.511
7084,1.071
7085,0.267
7086,-0.532
7087,-1.36
7088,-1.783
7089,-1.834
7090,-1.528
7091,-0.785
7092,-0.043
7093,0.817
7094,1.328
7095,1.394
7096,1.242
7097,0.527
7098,-0.313
7099,-1.115
7100,-1.628
7101,-1.788
7102,-1.508
7103,-0.871
7104,0.025
7105,0.866
7106,1.475
7107,1.802
7108,1.553
7109,1.036
7110,0.125
7111,-0.772
7112,-1.504
7113,-1.987
7114,-1.895
7115,-1.475
7116,-0.637
7117,0.181
7118,0.929
7119,1.425
7120,1.416
7121,0.999
7122,0.284
7123,-0.561
7124,-1.281
7125,-1.843
7126,-1.821
7127,-1.392
7128,-0.639
7129,0.329
7130,1.162
7131,1.755
7132,1.947
7133,1.627
7134,0.904
7135,-0.009
7136,-0.991
7137,-1.715
7138,-2.047
7139,-1.862
7140,-1.452
7141,-0.525
7142,0.34
7143,0.997
7144,1.417
7145,1.346
7146,0.861
7147,-0.006
7148,-0.733
7149,-1.496
7150,-1.817
7151,-1.739
7152,-1.278
7153,-0.406
7154,0.506
7155,1.287
7156,1.899
7157,1.911
7158,1.515
7159,0.765
7160,-0.166
7161,-1.088
7162,-1.727
7163,-2.038
7164,-1.823
7165,-1.221
7166,-0.35
7167,0.415
7168,1.078
7169,1.319
7170,1.156
7171,0.639
7172,-0.117
7173,-0.884
7174,-1.473
7175,-1.77
7176,-1.586
7177,-1.094
7178,-0.251
7179,0.639
7180,1.424
7181,1.831
7182,1.86
7183,1.374
7184,0.641
7185,-0.248
7186,-1.17
7187,-1.622
7188,-1.884
7189,-1.709
7190,-1.074
7191,-0.323
7192,0.417
7193,0.988
7194,1.183
7195,0.988
7196,0.482
7197,-0.235
7198,-0.881
7199,-1.495
7200,-1.634
7201,-1.436
7202,-0.862
7203,-0.137
7204,0.653
7205,1.373
7206,1.727
7207,1.718
7208,1.205
7209,0.565
7210,-0.226
7211,-1.058
7212,-1.588
7213,-1.712
7214,-1.48
7215,-0.947
7216,-0.311
7217,0.402
7218,0.782
7219,0.922
7220,0.83
7221,0.27
7222,-0.283
7223,-0.79
7224,-1.316
7225,-1.489
7226,-1.255
7227,-0.751
7228,-0.053
7229,0.681
7230,1.207
7231,1.585
7232,1.49
7233,1.116
7234,0.442
7235,-0.232
7236,-0.939
7237,-1.368
7238,-1.542
7239,-1.358
7240,-0.863
7241,-0.317
7242,0.234
7243,0.643
7244,0.827
7245,0.641
7246,0.265
7247,-0.258
7248,-0.839
7249,-1.2
7250,-1.269
7251,-1.129
7252,-0.64
7253,-0.04
7254,0.582
7255,1.125
7256,1.338
7257,1.326
7258,0.959
7259,0.5
7260,-0.158
7261,-0.807
7262,-1.203
7263,-1.315
7264,-1.216
7265,-0.853
7266,-0.3
7267,0.179
7268,0.553
7269,0.67
7270,0.535
7271,0.263
7272,-0.179
7273,-0.681
7274,-0.98
7275,-1.175
7276,-1.054
7277,-0.654
7278,-0.124
7279,0.469
7280,0.893
7281,1.221
7282,1.231
7283,0.891
7284,0.444
7285,-0.207
7286,-0.688
7287,-1.075
7288,-1.226
7289,-1.134
7290,-0.881
7291,-0.342
7292,0.134
7293,0.483
7294,0.671
7295,0.568
7296,0.254
7297,-0.189
7298,-0.632
7299,-0.926
7300,-1.128
7301,-1.022
7302,-0.686
7303,-0.168
7304,0.376
7305,0.727
7306,1.113
7307,1.13
7308,0.799
7309,0.341
7310,-0.2
7311,-0.731
7312,-1.069
7313,-1.266
7314,-1.112
7315,-0.684
7316,-0.284
7317,0.259
7318,0.589
7319,0.671
7320,0.643
7321,0.299
7322,-0.169
7323,-0.621
7324,-0.978
7325,-1.126
7326,-1.01
7327,-0.691
7328,-0.241
7329,0.333
7330,0.891
7331,1.078
7332,1.114
7333,0.806
7334,0.293
7335,-0.269
7336,-0.791
7337,-1.179
7338,-1.209
7339,-0.986
7340,-0.635
7341,-0.086
7342,0.424
7343,0.717
7344,0.836
7345,0.655
7346,0.268
7347,-0.267
7348,-0.772
7349,-1.078
7350,-1.283
7351,-1.105
7352,-0.726
7353,-0.122
7354,0.458
7355,0.898
7356,1.099
7357,1.009
7358,0.632
7359,0.189
7360,-0.484
7361,-0.94
7362,-1.208
7363,-1.247
7364,-0.904
7365,-0.407
7366,0.209
7367,0.659
7368,0.945
7369,0.991
7370,0.737
7371,0.224
7372,-0.402
7373,-1.01
7374,-1.307
7375,-1.34
7376,-1.149
7377,-0.65
7378,-0.021
7379,0.583
7380,1.032
7381,1.163
7382,0.966
7383,0.495
7384,-0.107
7385,-0.715
7386,-1.201
7387,-1.37
7388,-1.224
7389,-0.771
7390,-0.127
7391,0.496
7392,0.973
7393,1.244
7394,1.154
7395,0.673
7396,0.123
7397,-0.624
7398,-1.212
7399,-1.514
7400,-1.557
7401,-1.16
7402,-0.566
7403,0.143
7404,0.754
7405,1.212
7406,1.194
7407,0.916
7408,0.257
7409,-0.356
7410,-1.001
7411,-1.438
7412,-1.511
7413,-1.187
7414,-0.527
7415,0.105
7416,0.896
7417,1.337
7418,1.505
7419,1.245
7420,0.65
7421,-0.123
7422,-0.946
7423,-1.479
7424,-1.825
7425,-1.616
7426,-1.142
7427,-0.436
7428,0.382
7429,0.95
7430,1.305
7431,1.176
7432,0.778
7433,0.032
7434,-0.723
7435,-1.33
7436,-1.682
7437,-1.579
7438,-1.148
7439,-0.327
7440,0.56
7441,1.327
7442,1.679
7443,1.716
7444,1.226
7445,0.581
7446,-0.339
7447,-1.209
7448,-1.725
7449,-1.936
7450,-1.673
7451,-1.015
7452,-0.237
7453,0.632
7454,1.15
7455,1.357
7456,1.142
7457,0.607
7458,-0.231
7459,-1.05
7460,-1.612
7461,-1.805
7462,-1.609
7463,-0.983
7464,-0.011
7465,0.808
7466,1.543
7467,1.888
7468,1.772
7469,1.248
7470,0.396
7471,-0.606
7472,-1.467
7473,-1.896
7474,-1.998
7475,-1.558
7476,-0.951
7477,-0.004
7478,0.842
7479,1.285
7480,1.387
7481,1.066
7482,0.36
7483,-0.475
7484,-1.258
7485,-1.776
7486,-1.814
7487,-1.478
7488,-0.749
7489,0.205
7490,1.086
7491,1.733
7492,1.986
7493,1.773
7494,1.084
7495,0.173
7496,-0.802
7497,-1.514
7498,-2.084
7499,-1.971
7500,-1.444
7501,-0.719
7502,0.171
7503,0.894
7504,1.296
7505,1.249
7506,0.903
7507,0.15
7508,-0.688
7509,-1.404
7510,-1.755
7511,-1.725
7512,-1.341
7513,-0.573
7514,0.347
7515,1.264
7516,1.885
7517,1.978
7518,1.6
7519,0.984
7520,0.063
7521,-0.948
7522,-1.613
7523,-1.945
7524,-1.854
7525,-1.368
7526,-0.547
7527,0.232
7528,0.863
7529,1.184
7530,1.212
7531,0.738
7532,0.007
7533,-0.792
7534,-1.437
7535,-1.78
7536,-1.676
7537,-1.237
7538,-0.413
7539,0.491
7540,1.306
7541,1.779
7542,1.884
7543,1.549
7544,0.84
7545,-0.059
7546,-0.927
7547,-1.587
7548,-1.804
7549,-1.633
7550,-1.175
7551,-0.414
7552,0.223
7553,0.809
7554,1.135
7555,1.01
7556,0.597
7557,-0.104
7558,-0.829
7559,-1.361
7560,-1.653
7561,-1.518
7562,-0.977
7563,-0.254
7564,0.536
7565,1.165
7566,1.619
7567,1.631
7568,1.357
7569,0.658
7570,-0.151
7571,-0.874
7572,-1.441
7573,-1.597
7574,-1.52
7575,-1.088
7576,-0.477
7577,0.234
7578,0.712
7579,0.904
7580,0.875
7581,0.46
7582,-0.142
7583,-0.708
7584,-1.201
7585,-1.452
7586,-1.338
7587,-0.854
7588,-0.225
7589,0.472
7590,1.042
7591,1.443
7592,1.43
7593,1.144
7594,0.624
7595,-0.133
7596,-0.822
7597,-1.286
7598,-1.42
7599,-1.322
7600,-0.945
7601,-0.407
7602,0.187
7603,0.582
7604,0.815
7605,0.7
7606,0.355
7607,-0.139
7608,-0.662
7609,-1.07
7610,-1.254
7611,-1.28
7612,-0.833
7613,-0.269
7614,0.402
7615,0.857
7616,1.22
7617,1.302
7618,0.967
7619,0.533
7620,-0.108
7621,-0.684
7622,-1.127
7623,-1.313
7624,-1.119
7625,-0.841
7626,-0.349
7627,0.141
7628,0.48
7629,0.737
7630,0.701
7631,0.353
7632,-0.038
7633,-0.531
7634,-0.893
7635,-1.163
7636,-1.131
7637,-0.808
7638,-0.271
7639,0.184
7640,0.67
7641,1.051
7642,1.098
7643,0.906
7644,0.508
7645,-0.083
7646,-0.661
7647,-0.949
7648,-1.222
7649,-1.147
7650,-0.773
7651,-0.361
7652,0.135
7653,0.544
7654,0.76
7655,0.674
7656,0.456
7657,-0.086
7658,-0.479
7659,-0.929
7660,-1.082
7661,-1.093
7662,-0.848
7663,-0.353
7664,0.185
7665,0.659
7666,0.923
7667,1.01
7668,0.833
7669,0.424
7670,-0.077
7671,-0.677
7672,-0.99
7673,-1.168
7674,-1.085
7675,-0.752
7676,-0.263
7677,0.131
7678,0.609
7679,0.79
7680,0.765
7681,0.419
7682,-0.03
7683,-0.487
7684,-0.927
7685,-1.157
7686,-1.168
7687,-0.852
7688,-0.402
7689,0.146
7690,0.649
7691,0.922
7692,1.032
7693,0.76
7694,0.348
7695,-0.168
7696,-0.692
7697,-1.117
7698,-1.166
7699,-0.985
7700,-0.583
7701,-0.114
7702,0.424
7703,0.857
7704,0.947
7705,0.822
7706,0.49
7707,-0.102
7708,-0.687
7709,-1.133
7710,-1.305
7711,-1.275
7712,-0.892
7713,-0.34
7714,0.274
7715,0.743
7716,0.971
7717,1.01
7718,0.666
7719,0.132
7720,-0.417
7721,-0.874
7722,-1.209
7723,-1.224
7724,-0.889
7725,-0.469
7726,0.146
7727,0.69
7728,1.104
7729,1.157
7730,0.942
7731,0.389
7732,-0.277
7733,-0.886
7734,-1.325
7735,-1.531
7736,-1.225
7737,-0.834
7738,-0.221
7739,0.42
7740,0.9
7741,1.076
7742,0.937
7743,0.558
7744,-0.048
7745,-0.71
7746,-1.127
7747,-1.373
7748,-1.235
7749,-0.778
7750,-0.173
7751,0.531
7752,1.113
7753,1.359
7754,1.32
7755,0.913
7756,0.22
7757,-0.435
7758,-1.21
7759,-1.617
7760,-1.597
7761,-1.312
7762,-0.78
7763,-0.017
7764,0.67
7765,1.061
7766,1.241
7767,0.852
7768,0.373
7769,-0.309
7770,-0.973
7771,-1.443
7772,-1.541
7773,-1.236
7774,-0.622
7775,0.149
7776,0.922
7777,1.411
7778,1.634
7779,1.403
7780,0.845
7781,0.083
7782,-0.784
7783,-1.382
7784,-1.8
7785,-1.742
7786,-1.296
7787,-0.608
7788,0.198
7789,0.897
7790,1.233
7791,1.182
7792,0.773
7793,0.108
7794,-0.648
7795,-1.272
7796,-1.71
7797,-1.639
7798,-1.177
7799,-0.482
7800,0.429
7801,1.224
7802,1.721
7803,1.833
7804,1.459
7805,0.721
7806,-0.167
7807,-1.015
7808,-1.664
7809,-2.024
7810,-1.758
7811,-1.204
7812,-0.386
7813,0.424
7814,1.07
7815,1.345
7816,1.17
7817,0.623
7818,-0.14
7819,-0.93
7820,-1.542
7821,-1.799
7822,-1.662
7823,-1.047
7824,-0.158
7825,0.786
7826,1.526
7827,1.943
7828,1.915
7829,1.376
7830,0.565
7831,-0.388
7832,-1.278
7833,-1.89
7834,-2.026
7835,-1.749
7836,-1.028
7837,-0.191
7838,0.624
7839,1.189
7840,1.368
7841,1.088
7842,0.489
7843,-0.37
7844,-1.112
7845,-1.675
7846,-1.905
7847,-1.58
7848,-0.909
7849,0.029
7850,1.039
7851,1.693
7852,2.041
7853,1.896
7854,1.255
7855,0.362
7856,-0.636
7857,-1.468
7858,-2.028
7859,-1.978
7860,-1.54
7861,-0.873
7862,-0.059
7863,0.736
7864,1.226
7865,1.284
7866,0.991
7867,0.312
7868,-0.572
7869,-1.267
7870,-1.718
7871,-1.772
7872,-1.366
7873,-0.741
7874,0.297
7875,1.094
7876,1.729
7877,1.992
7878,1.737
7879,1.128
7880,0.182
7881,-0.725
7882,-1.441
7883,-1.893
7884,-1.864
7885,-1.42
7886,-0.679
7887,0.049
7888,0.811
7889,1.183
7890,1.199
7891,0.839
7892,0.101
7893,-0.669
7894,-1.37
7895,-1.718
7896,-1.658
7897,-1.291
7898,-0.603
7899,0.293
7900,1.071
7901,1.633
7902,1.841
7903,1.53
7904,0.972
7905,0.098
7906,-0.749
7907,-1.427
7908,-1.728
7909,-1.662
7910,-1.246
7911,-0.568
7912,0.142
7913,0.77
7914,1.067
7915,1.042
7916,0.653
7917,0.028
7918,-0.675
7919,-1.227
7920,-1.521
7921,-1.488
7922,-1.166
7923,-0.425
7924,0.306
7925,1.041
7926,1.464
7927,1.614
7928,1.362
7929,0.737
7930,0.053
7931,-0.672
7932,-1.292
7933,-1.521
7934,-1.492
7935,-1.069
7936,-0.565
7937,0.216
7938,0.711
7939,0.931
7940,0.839
7941,0.566
7942,-0.033
7943,-0.585
7944,-1.097
7945,-1.414
7946,-1.318
7947,-0.983
7948,-0.4
7949,0.247
7950,0.819
7951,1.298
7952,1.366
7953,1.112
7954,0.703
7955,0.081
7956,-0.63
7957,-1.063
7958,-1.366
7959,-1.318
7960,-0.987
7961,-0.401
7962,0.089
7963,0.598
7964,0.807
7965,0.785
7966,0.54
7967,0.022
7968,-0.516
7969,-0.931
7970,-1.18
7971,-1.203
7972,-0.963
7973,-0.468
7974,0.136
7975,0.688
7976,1.022
7977,1.187
7978,0.998
7979,0.53
7980,-0.003
7981,-0.559
7982,-0.993
7983,-1.158
7984,-1.163
7985,-0.902
7986,-0.408
7987,0.086
7988,0.537
7989,0.787
7990,0.801
7991,0.514
7992,0.134
7993,-0.388
7994,-0.88
7995,-1.065
7996,-1.152
7997,-0.964
7998,-0.462
7999,0.081
8000,0.524
8001,0.871
8002,1.011
8003,0.905
8004,0.561
8005,0.037
8006,-0.499
8007,-0.872
8008,-1.137
8009,-1.054
8010,-0.813
8011,-0.346
8012,0.134
8013,0.557
8014,0.789
8015,0.839
8016,0.532
8017,0.105
8018,-0.313
8019,-0.802
8020,-1.194
8021,-1.192
8022,-1.029
8023,-0.596
8024,-0.147
8025,0.441
8026,0.77
8027,0.938
8028,0.761
8029,0.46
8030,-0.045
8031,-0.492
8032,-0.888
8033,-1.089
8034,-1.048
8035,-0.665
8036,-0.297
8037,0.221
8038,0.686
8039,0.982
8040,0.876
8041,0.589
8042,0.078
8043,-0.395
8044,-0.876
8045,-1.18
8046,-1.266
8047,-1.043
8048,-0.624
8049,-0.043
8050,0.43
8051,0.776
8052,0.903
8053,0.734
8054,0.341
8055,-0.146
8056,-0.665
8057,-1.041
8058,-1.151
8059,-1.034
8060,-0.606
8061,-0.062
8062,0.441
8063,0.939
8064,1.065
8065,0.984
8066,0.637
8067,0.068
8068,-0.567
8069,-1.086
8070,-1.327
8071,-1.324
8072,-1.063
8073,-0.559
8074,-0.007
8075,0.579
8076,0.889
8077,0.961
8078,0.685
8079,0.239
8080,-0.391
8081,-0.849
8082,-1.215
8083,-1.206
8084,-0.998
8085,-0.43
8086,0.137
8087,0.782
8088,1.204
8089,1.276
8090,1.029
8091,0.573
8092,-0.13
8093,-0.817
8094,-1.313
8095,-1.461
8096,-1.395
8097,-0.979
8098,-0.392
8099,0.247
8100,0.686
8101,0.991
8102,0.924
8103,0.504
8104,-0.056
8105,-0.709
8106,-1.156
8107,-1.37
8108,-1.26
8109,-0.852
8110,-0.235
8111,0.465
8112,1.087
8113,1.449
8114,1.445
8115,1.082
8116,0.391
8117,-0.357
8118,-1.098
8119,-1.577
8120,-1.677
8121,-1.503
8122,-0.904
8123,-0.203
8124,0.476
8125,0.998
8126,1.156
8127,0.891
8128,0.394
8129,-0.283
8130,-0.973
8131,-1.419
8132,-1.563
8133,-1.262
8134,-0.769
8135,0.068
8136,0.847
8137,1.503
8138,1.699
8139,1.6
8140,1.023
8141,0.209
8142,-0.692
8143,-1.402
8144,-1.781
8145,-1.829
8146,-1.42
8147,-0.705
8148,0.05
8149,0.728
8150,1.183
8151,1.191
8152,0.836
8153,0.151
8154,-0.552
8155,-1.281
8156,-1.674
8157,-1.721
8158,-1.267
8159,-0.561
8160,0.358
8161,1.227
8162,1.794
8163,1.923
8164,1.567
8165,1.014
8166,0.055
8167,-0.904
8168,-1.664
8169,-1.98
8170,-1.878
8171,-1.301
8172,-0.544
8173,0.268
8174,0.955
8175,1.341
8176,1.268
8177,0.778
8178,-0.002
8179,-0.856
8180,-1.613
8181,-1.833
8182,-1.726
8183,-1.178
8184,-0.329
8185,0.586
8186,1.471
8187,1.97
8188,2.01
8189,1.586
8190,0.773
8191,-0.239
8192,-1.156
8193,-1.804
8194,-2.035
8195,-1.776
8196,-1.163
8197,-0.276
8198,0.569
8199,1.125
8200,1.248
8201,1.2
8202,0.563
8203,-0.255
8204,-1.066
8205,-1.679
8206,-1.88
8207,-1.723
8208,-1.072
8209,-0.125
8210,0.839
8211,1.616
8212,1.979
8213,1.909
8214,1.401
8215,0.57
8216,-0.374
8217,-1.356
8218,-1.868
8219,-2.032
8220,-1.722
8221,-0.969
8222,-0.135
8223,0.658
8224,1.212
8225,1.316
8226,1.038
8227,0.487
8228,-0.398
8229,-1.146
8230,-1.704
8231,-1.906
8232,-1.617
8233,-0.9
8234,0.045
8235,0.94
8236,1.637
8237,1.896
8238,1.835
8239,1.199
8240,0.39
8241,-0.544
8242,-1.338
8243,-1.764
8244,-1.876
8245,-1.531
8246,-0.816
8247,-0.028
8248,0.804
8249,1.176
8250,1.218
8251,0.88
8252,0.231
8253,-0.509
8254,-1.178
8255,-1.594
8256,-1.686
8257,-1.392
8258,-0.754
8259,0.098
8260,0.888
8261,1.555
8262,1.739
8263,1.568
8264,0.96
8265,0.239
8266,-0.563
8267,-1.307
8268,-1.682
8269,-1.636
8270,-1.338
8271,-0.634
8272,0.04
8273,0.674
8274,1.03
8275,1.107
8276,0.854
8277,0.225
8278,-0.513
8279,-1.073
8280,-1.505
8281,-1.507
8282,-1.22
8283,-0.742
8284,0.055
8285,0.824
8286,1.314
8287,1.473
8288,1.316
8289,0.79
8290,0.156
8291,-0.497
8292,-1.126
8293,-1.402
8294,-1.424
8295,-1.085
8296,-0.498
8297,0.088
8298,0.618
8299,0.979
8300,1.013
8301,0.672
8302,0.154
8303,-0.427
8304,-0.953
8305,-1.301
8306,-1.423
8307,-1.07
8308,-0.642
8309,0.005
8310,0.601
8311,1.157
8312,1.26
8313,1.092
8314,0.733
8315,0.144
8316,-0.504
8317,-0.979
8318,-1.304
8319,-1.28
8320,-1.035
8321,-0.527
8322,0.126
8323,0.609
8324,0.857
8325,0.935
8326,0.642
8327,0.192
8328,-0.341
8329,-0.847
8330,-1.183
8331,-1.224
8332,-1.062
8333,-0.625
8334,-0.066
8335,0.46
8336,0.831
8337,1.0
8338,0.953
8339,0.605
8340,0.111
8341,-0.434
8342,-0.807
8343,-1.175
8344,-1.19
8345,-0.864
8346,-0.444
8347,0.09
8348,0.554
8349,0.862
8350,0.822
8351,0.642
8352,0.261
8353,-0.241
8354,-0.685
8355,-1.065
8356,-1.21
8357,-1.092
8358,-0.718
8359,-0.22
8360,0.328
8361,0.714
8362,0.858
8363,0.823
8364,0.566
8365,0.096
8366,-0.397
8367,-0.821
8368,-1.016
8369,-1.046
8370,-0.81
8371,-0.392
8372,0.149
8373,0.519
8374,0.869
8375,0.91
8376,0.663
8377,0.257
8378,-0.215
8379,-0.735
8380,-1.1
8381,-1.225
8382,-1.103
8383,-0.714
8384,-0.255
8385,0.205
8386,0.694
8387,0.845
8388,0.752
8389,0.434
8390,0.03
8391,-0.476
8392,-0.824
8393,-1.084
8394,-1.047
8395,-0.697
8396,-0.223
8397,0.287
8398,0.762
8399,1.008
8400,1.021
8401,0.784
8402,0.293
8403,-0.305
8404,-0.795
8405,-1.275
8406,-1.258
8407,-1.208
8408,-0.78
8409,-0.234
8410,0.288
8411,0.712
8412,0.807
8413,0.733
8414,0.358
8415,-0.11
8416,-0.625
8417,-0.997
8418,-1.162
8419,-1.027
8420,-0.614
8421,-0.041
8422,0.494
8423,0.95
8424,1.22
8425,1.126
8426,0.786
8427,0.161
8428,-0.512
8429,-1.04
8430,-1.398
8431,-1.433
8432,-1.203
8433,-0.679
8434,-0.119
8435,0.44
8436,0.802
8437,0.89
8438,0.674
8439,0.244
8440,-0.357
8441,-0.815
8442,-1.203
8443,-1.289
8444,-0.986
8445,-0.498
8446,0.203
8447,0.882
8448,1.242
8449,1.424
8450,1.164
8451,0.726
8452,-0.008
8453,-0.722
8454,-1.313
8455,-1.555
8456,-1.498
8457,-1.155
8458,-0.587
8459,0.147
8460,0.63
8461,0.891
8462,0.946
8463,0.557
8464,0.054
8465,-0.623
8466,-1.125
8467,-1.375
8468,-1.384
8469,-0.952
8470,-0.272
8471,0.536
8472,1.137
8473,1.544
8474,1.613
8475,1.232
8476,0.595
8477,-0.27
8478,-0.933
8479,-1.595
8480,-1.77
8481,-1.577
8482,-1.001
8483,-0.388
8484,0.426
8485,0.923
8486,1.125
8487,0.922
8488,0.479
8489,-0.247
8490,-0.883
8491,-1.464
8492,-1.621
8493,-1.42
8494,-0.859
8495,-0.004
8496,0.83
8497,1.52
8498,1.76
8499,1.748
8500,1.282
8501,0.39
8502,-0.447
8503,-1.308
8504,-1.838
8505,-1.893
8506,-1.519
8507,-0.919
8508,-0.109
8509,0.665
8510,1.128
8511,1.245
8512,0.928
8513,0.306
8514,-0.505
8515,-1.21
8516,-1.712
8517,-1.717
8518,-1.415
8519,-0.645
8520,0.223
8521,1.116
8522,1.73
8523,1.945
8524,1.687
8525,1.056
8526,0.166
8527,-0.774
8528,-1.522
8529,-1.974
8530,-1.945
8531,-1.492
8532,-0.67
8533,0.213
8534,0.932
8535,1.316
8536,1.292
8537,0.886
8538,0.11
8539,-0.719
8540,-1.462
8541,-1.889
8542,-1.827
8543,-1.324
8544,-0.502
8545,0.517
8546,1.333
8547,1.933
8548,2.007
8549,1.654
8550,0.871
8551,-0.078
8552,-0.99
8553,-1.714
8554,-1.99
8555,-1.851
8556,-1.296
8557,-0.397
8558,0.395
8559,1.102
8560,1.363
8561,1.265
8562,0.739
8563,-0.076
8564,-0.995
8565,-1.592
8566,-1.868
8567,-1.751
8568,-1.187
8569,-0.387
8570,0.601
8571,1.453
8572,1.933
8573,1.98
8574,1.5
8575,0.72
8576,-0.252
8577,-1.176
8578,-1.832
8579,-1.952
8580,-1.708
8581,-1.107
8582,-0.308
8583,0.575
8584,1.139
8585,1.38
8586,1.209
8587,0.509
8588,-0.243
8589,-1.031
8590,-1.579
8591,-1.904
8592,-1.595
8593,-1.054
8594,-0.211
8595,0.687
8596,1.413
8597,1.847
8598,1.735
8599,1.305
8600,0.502
8601,-0.408
8602,-1.109
8603,-1.69
8604,-1.799
8605,-1.484
8606,-0.934
8607,-0.054
8608,0.557
8609,1.114
8610,1.266
8611,1.047
8612,0.46
8613,-0.303
8614,-1.029
8615,-1.579
8616,-1.769
8617,-1.478
8618,-0.907
8619,-0.097
8620,0.639
8621,1.32
8622,1.604
8623,1.564
8624,1.103
8625,0.364
8626,-0.453
8627,-1.106
8628,-1.537
8629,-1.635
8630,-1.348
8631,-0.731
8632,0.031
8633,0.67
8634,1.029
8635,1.125
8636,0.948
8637,0.342
8638,-0.287
8639,-0.971
8640,-1.359
8641,-1.575
8642,-1.313
8643,-0.835
8644,-0.146
8645,0.488
8646,1.027
8647,1.349
8648,1.282
8649,0.839
8650,0.221
8651,-0.416
8652,-1.003
8653,-1.372
8654,-1.377
8655,-1.153
8656,-0.607
8657,0.076
8658,0.596
8659,0.968
8660,1.116
8661,0.781
8662,0.375
8663,-0.199
8664,-0.838
8665,-1.216
8666,-1.417
8667,-1.251
8668,-0.796
8669,-0.2
8670,0.414
8671,0.907
8672,1.098
8673,1.083
8674,0.708
8675,0.225
8676,-0.379
8677,-0.874
8678,-1.175
8679,-1.264
8680,-1.002
8681,-0.508
8682,-0.01
8683,0.574
8684,0.915
8685,0.985
8686,0.754
8687,0.414
8688,-0.108
8689,-0.7
8690,-1.088
8691,-1.266
8692,-1.155
8693,-0.829
8694,-0.325
8695,0.24
8696,0.724
8697,0.851
8698,0.873
8699,0.576
8700,0.216
8701,-0.358
8702,-0.83
8703,-1.04
8704,-1.036
8705,-0.846
8706,-0.441
8707,0.078
8708,0.588
8709,0.848
8710,0.965
8711,0.789
8712,0.38
8713,-0.113
8714,-0.595
8715,-1.019
8716,-1.213
8717,-1.167
8718,-0.857
8719,-0.437
8720,0.084
8721,0.527
8722,0.775
8723,0.781
8724,0.536
8725,0.122
8726,-0.246
8727,-0.731
8728,-0.997
8729,-1.033
8730,-0.811
8731,-0.379
8732,0.147
8733,0.56
8734,0.894
8735,1.008
8736,0.856
8737,0.438
8738,-0.048
8739,-0.682
8740,-1.086
8741,-1.224
8742,-1.21
8743,-0.887
8744,-0.387
8745,0.041
8746,0.487
8747,0.722
8748,0.665
8749,0.468
8750,0.085
8751,-0.401
8752,-0.804
8753,-1.056
8754,-1.037
8755,-0.699
8756,-0.28
8757,0.293
8758,0.782
8759,1.132
