1,171.85
2,171.56607142857143
3,170.85285714285715
4,169.9742857142857
5,170.21428571428572
6,170.62857142857143
7,171.94285714285715
8,173.22857142857143
9,174.65714285714284
10,175.45714285714286
11,174.82857142857142
12,173.11428571428573
13,171.05714285714288
14,168.25714285714287
15,165.71428571428572
16,164.4857142857143
17,163.37142857142857
18,163.62857142857143
19,165.2
20,167.2
21,169.0285714285714
22,170.9142857142857
23,172.05714285714285
24,172.42857142857142
25,171.71428571428572
26,170.82857142857142
27,170.54285714285714
28,170.2
29,170.42857142857142
30,170.42857142857142
31,170.68571428571428
32,170.85714285714283
33,170.51428571428573
34,169.34285714285716
35,169.0
36,167.28571428571428
37,165.65714285714287
38,164.8857142857143
39,164.8857142857143
40,164.8857142857143
41,165.34285714285716
42,165.8
43,166.65714285714284
44,168.25714285714284
45,168.88571428571427
46,169.7142857142857
47,169.9142857142857
48,169.9714285714286
49,168.9714285714286
50,168.34285714285716
51,167.65714285714287
52,168.14285714285714
53,168.22857142857143
54,169.0
55,169.54285714285714
56,170.34285714285716
57,170.8
58,170.77142857142857
59,170.34285714285716
60,170.0
61,169.77142857142857
62,169.6
63,170.0
64,169.77142857142857
65,170.4
66,171.0857142857143
67,171.6
68,171.4
69,171.22857142857143
70,170.17142857142858
71,169.74285714285716
72,169.31428571428572
73,168.57142857142858
74,167.9714285714286
75,168.0285714285714
76,167.2
77,166.71428571428572
78,167.2
79,167.71428571428572
80,168.4857142857143
81,170.0
82,171.4
83,173.2
84,175.0
85,175.9142857142857
86,176.31428571428572
87,176.4
88,175.9714285714286
89,174.82857142857145
90,174.5142857142857
91,173.9142857142857
92,172.9142857142857
93,171.82857142857142
94,171.31428571428572
95,170.17142857142855
96,169.9142857142857
97,169.4857142857143
98,168.97142857142856
99,168.65714285714284
100,168.4857142857143
101,167.37142857142857
102,166.97142857142856
103,167.31428571428572
104,168.0285714285714
105,168.77142857142854
106,169.82857142857142
107,170.77142857142857
108,171.28571428571428
109,171.28571428571428
110,170.4
111,168.8
112,167.82857142857142
113,166.8
114,165.9142857142857
115,166.05714285714288
116,166.4
117,165.68571428571428
118,165.5142857142857
119,164.8857142857143
120,164.25714285714284
121,164.34285714285713
122,165.0857142857143
123,166.0285714285714
124,167.68571428571428
125,169.54285714285714
126,171.0
127,172.62857142857143
128,172.71428571428572
129,172.2
130,171.31428571428572
131,171.4857142857143
132,171.0285714285714
133,171.91428571428568
134,172.65714285714284
135,174.22857142857143
136,174.9714285714286
137,175.71428571428572
138,175.6857142857143
139,175.8
140,174.82857142857142
141,173.77142857142854
142,172.62857142857143
143,171.8857142857143
144,171.94285714285715
145,172.0
146,171.9142857142857
147,172.0
148,172.77142857142857
149,172.45714285714286
150,172.28571428571428
151,171.4857142857143
152,170.6
153,169.57142857142858
154,169.1142857142857
155,168.2
156,168.85714285714286
157,169.74285714285713
158,170.2
159,171.05714285714288
160,171.62857142857143
161,171.82857142857142
162,171.34285714285713
163,170.65714285714284
164,169.9714285714286
165,170.4
166,170.0857142857143
167,170.4
168,169.94285714285715
169,169.94285714285712
170,169.62857142857143
171,169.34285714285716
172,169.08571428571426
173,170.28571428571428
174,171.62857142857143
175,173.1142857142857
176,174.1142857142857
177,174.05714285714288
178,173.0857142857143
179,171.2
180,168.25714285714284
181,166.11428571428573
182,165.2
183,165.28571428571428
184,166.0857142857143
185,168.5142857142857
186,170.2
187,171.42857142857142
188,171.0857142857143
189,169.68571428571428
190,167.1142857142857
191,165.37142857142857
192,163.57142857142858
193,163.4
194,163.68571428571428
195,165.1142857142857
196,167.31428571428575
197,169.9142857142857
198,171.14285714285717
199,171.9714285714286
200,172.0857142857143
201,171.5142857142857
202,170.57142857142858
203,169.65714285714284
204,168.97142857142856
205,169.1142857142857
206,169.4
207,169.22857142857143
208,169.85714285714283
209,171.05714285714288
210,172.05714285714285
211,173.0
212,174.5142857142857
213,176.14285714285714
214,177.28571428571428
215,178.34285714285716
216,178.05714285714285
217,176.94285714285715
218,174.8857142857143
219,172.9142857142857
220,170.05714285714288
221,169.08571428571426
222,168.25714285714284
223,167.9714285714286
224,168.65714285714284
225,169.9142857142857
226,169.42857142857142
227,169.05714285714288
228,168.42857142857142
229,167.08571428571432
230,165.8
231,164.68571428571425
232,164.62857142857143
233,165.71428571428572
234,167.54285714285714
235,168.28571428571428
236,169.42857142857142
237,170.68571428571428
238,171.85714285714286
239,172.17142857142858
240,172.97142857142856
241,173.0
242,172.68571428571428
243,172.2
244,171.0857142857143
245,169.51428571428573
246,168.62857142857143
247,167.0285714285714
248,165.48571428571432
249,164.45714285714286
250,163.40000000000003
251,163.2
252,163.2
253,162.34285714285713
254,162.4
255,163.54285714285714
256,165.2
257,167.48571428571427
258,169.4
259,171.45714285714286
260,174.0285714285714
261,174.71428571428572
262,175.14285714285717
263,176.17142857142858
264,176.34285714285713
265,175.37142857142857
266,174.22857142857143
267,172.22857142857146
268,170.22857142857143
269,168.1142857142857
270,165.5142857142857
271,164.02857142857144
272,164.48571428571427
273,165.31428571428572
274,165.8857142857143
275,168.2
276,169.68571428571425
277,169.91428571428574
278,169.31428571428572
279,168.54285714285714
280,166.74285714285716
281,166.54285714285714
282,166.25714285714284
283,166.68571428571428
284,168.02857142857144
285,169.77142857142854
286,171.0285714285714
287,172.91428571428574
288,174.42857142857142
289,174.9714285714286
290,174.57142857142858
291,173.28571428571428
292,172.25714285714287
293,171.37142857142857
294,171.25714285714287
295,171.0285714285714
296,171.71428571428572
297,172.54285714285714
298,173.62857142857143
299,174.05714285714288
300,174.25714285714287
301,174.05714285714288
302,173.22857142857146
303,172.08571428571426
304,171.28571428571428
305,171.2
306,170.5142857142857
307,169.8
308,168.57142857142858
309,168.0285714285714
310,168.05714285714288
311,168.57142857142858
312,168.9714285714286
313,170.57142857142858
314,171.54285714285714
315,172.57142857142858
316,173.0285714285714
317,173.57142857142858
318,173.5142857142857
319,173.08571428571432
320,172.22857142857146
321,172.02857142857144
322,171.91428571428574
323,171.77142857142857
324,171.3142857142857
325,170.8857142857143
326,170.88571428571427
327,170.6
328,170.34285714285716
329,170.42857142857144
330,171.0
331,171.48571428571432
332,171.85714285714283
333,172.7142857142857
334,173.9714285714286
335,174.9142857142857
336,175.62857142857143
337,176.6
338,176.77142857142857
339,176.94285714285715
340,176.45714285714286
341,175.2
342,173.85714285714286
343,172.57142857142858
344,171.4
345,170.11428571428573
346,169.8857142857143
347,169.68571428571428
348,170.05714285714285
349,170.5142857142857
350,171.28571428571428
351,171.57142857142856
352,171.94285714285712
353,171.25714285714284
354,170.71428571428572
355,170.68571428571428
356,170.25714285714284
357,170.0285714285714
358,169.68571428571425
359,169.25714285714284
360,168.68571428571425
361,167.9142857142857
362,166.54285714285714
363,166.0285714285714
364,164.54285714285714
365,163.31428571428575
366,163.0285714285714
367,163.0857142857143
368,163.6857142857143
369,165.54285714285714
370,167.4
371,169.2
372,171.22857142857143
373,172.28571428571428
374,172.4857142857143
375,172.3142857142857
376,171.51428571428568
377,170.71428571428572
378,170.65714285714287
379,170.22857142857143
380,169.8857142857143
381,169.77142857142857
382,169.51428571428573
383,168.71428571428572
384,168.0857142857143
385,166.8857142857143
386,166.85714285714286
387,166.91428571428574
388,168.05714285714285
389,169.0857142857143
390,171.05714285714288
391,171.94285714285715
392,173.4
393,173.71428571428572
394,175.0285714285714
395,176.0285714285714
396,177.42857142857142
397,177.22857142857143
398,177.45714285714286
399,177.14285714285717
400,176.45714285714286
401,175.22857142857143
402,174.25714285714287
403,173.14285714285714
404,172.8857142857143
405,172.4
406,172.17142857142858
407,171.94285714285712
408,171.0857142857143
409,169.14285714285714
410,167.74285714285716
411,166.4857142857143
412,166.31428571428572
413,165.9142857142857
414,166.82857142857142
415,168.34285714285713
416,170.5142857142857
417,171.82857142857142
418,173.94285714285712
419,174.4
420,174.45714285714286
421,173.0
422,171.74285714285713
423,169.8857142857143
424,168.57142857142858
425,166.74285714285713
426,166.14285714285717
427,165.5142857142857
428,165.51428571428573
429,165.57142857142858
430,166.5142857142857
431,167.51428571428573
432,168.71428571428572
433,170.0
434,171.6
435,172.17142857142858
436,171.71428571428572
437,171.14285714285714
438,169.71428571428572
439,168.0857142857143
440,166.31428571428572
441,165.4
442,164.8857142857143
443,165.54285714285714
444,165.57142857142858
445,166.34285714285716
446,166.0285714285714
447,165.9714285714286
448,165.28571428571428
449,164.9714285714286
450,164.57142857142858
451,165.4857142857143
452,166.57142857142858
453,167.8
454,168.77142857142857
455,169.34285714285716
456,169.25714285714287
457,168.77142857142854
458,167.65714285714287
459,166.22857142857143
460,165.5142857142857
461,165.57142857142858
462,165.82857142857142
463,167.25714285714284
464,169.34285714285713
465,170.9714285714286
466,171.68571428571425
467,172.3428571428571
468,172.22857142857143
469,171.71428571428572
470,171.14285714285714
471,169.8
472,167.8857142857143
473,167.02857142857144
474,165.65714285714287
475,163.85714285714286
476,163.4
477,163.77142857142857
478,164.45714285714286
479,166.85714285714283
480,169.9714285714286
481,173.71428571428572
482,177.74285714285713
483,180.9714285714286
484,182.48571428571427
485,183.37142857142857
486,182.34285714285713
487,179.54285714285714
488,175.54285714285714
489,171.74285714285713
490,167.88571428571427
491,165.4857142857143
492,164.05714285714285
493,163.65714285714284
494,164.6
495,166.57142857142858
496,168.6
497,170.4857142857143
498,172.25714285714284
499,173.34285714285713
500,173.82857142857142
501,173.57142857142858
502,173.0857142857143
503,172.42857142857144
504,172.0
505,171.74285714285713
506,171.4857142857143
507,172.0
508,171.97142857142856
509,171.88571428571427
510,171.17142857142858
511,170.62857142857143
512,169.45714285714286
513,169.42857142857142
514,168.8
515,168.71428571428572
516,168.68571428571428
517,168.68571428571425
518,167.8857142857143
519,167.68571428571428
520,167.42857142857142
521,167.4
522,168.4
523,170.05714285714288
524,172.05714285714285
525,174.4857142857143
526,175.77142857142857
527,175.34285714285716
528,174.5142857142857
529,172.37142857142857
530,170.0285714285714
531,168.6
532,167.74285714285713
533,167.8857142857143
534,169.2
535,170.65714285714287
536,172.8857142857143
537,174.62857142857143
538,175.5142857142857
539,176.34285714285716
540,176.9714285714286
541,177.08571428571426
542,177.8
543,178.2
544,179.0285714285714
545,179.4
546,178.8
547,177.28571428571428
548,175.74285714285716
549,173.17142857142858
550,170.37142857142857
551,167.2857142857143
552,164.8
553,162.9714285714286
554,161.8857142857143
555,161.57142857142858
556,162.74285714285716
557,165.0
558,167.42857142857142
559,169.6
560,171.17142857142858
561,172.57142857142858
562,172.4857142857143
563,171.54285714285714
564,169.68571428571428
565,167.71428571428572
566,166.0285714285714
567,165.0
568,164.0
569,163.88571428571427
570,163.74285714285713
571,163.05714285714285
572,162.74285714285713
573,162.4
574,161.88571428571427
575,161.51428571428573
576,161.17142857142858
577,161.57142857142858
578,162.14285714285714
579,162.4857142857143
580,163.6
581,164.8857142857143
582,165.97142857142856
583,167.77142857142857
584,169.42857142857142
585,171.57142857142858
586,174.1142857142857
587,175.22857142857143
588,175.65714285714284
589,176.22857142857143
590,176.0285714285714
591,175.0285714285714
592,173.62857142857143
593,171.77142857142854
594,170.2
595,169.14285714285717
596,168.42857142857142
597,168.14285714285717
598,169.1142857142857
599,171.14285714285717
600,172.8
601,173.9142857142857
602,175.6
603,176.4857142857143
604,176.25714285714284
605,174.57142857142856
606,173.17142857142858
607,171.31428571428572
608,170.0
609,168.1142857142857
610,167.28571428571428
611,166.2
612,166.65714285714284
613,166.82857142857142
614,167.71428571428572
615,168.31428571428572
616,169.77142857142854
617,169.4857142857143
618,169.68571428571428
619,169.57142857142858
620,169.17142857142858
621,168.42857142857144
622,168.8857142857143
623,168.17142857142858
624,168.28571428571428
625,168.34285714285713
626,168.0
627,167.37142857142857
628,167.65714285714287
629,167.68571428571428
630,169.25714285714284
631,171.08571428571426
632,173.6
633,175.8857142857143
634,178.14285714285714
635,179.22857142857143
636,179.8
637,178.37142857142857
638,176.28571428571428
639,173.4
640,170.14285714285714
641,167.17142857142858
642,165.45714285714286
643,164.71428571428572
644,165.42857142857142
645,167.25714285714287
646,169.51428571428573
647,171.68571428571428
648,172.9142857142857
649,173.05714285714288
650,172.42857142857142
651,171.05714285714288
652,169.85714285714283
653,168.6
654,167.5142857142857
655,166.91428571428574
656,166.82857142857142
657,166.62857142857143
658,167.54285714285714
659,168.14285714285717
660,168.8
661,170.14285714285714
662,171.94285714285715
663,173.62857142857143
664,175.25714285714284
665,176.31428571428572
666,176.74285714285716
667,176.8
668,175.8
669,175.14285714285717
670,175.0285714285714
671,174.9714285714286
672,175.0857142857143
673,176.02857142857144
674,177.31428571428575
675,179.25714285714287
676,180.0
677,180.17142857142855
678,180.22857142857143
679,179.71428571428572
680,177.74285714285713
681,176.0
682,173.62857142857143
683,171.82857142857142
684,169.62857142857143
685,168.54285714285714
686,168.05714285714285
687,168.71428571428572
688,168.62857142857143
689,169.85714285714283
690,170.4
691,171.74285714285716
692,172.31428571428572
693,173.0285714285714
694,172.82857142857142
695,173.62857142857143
696,173.71428571428572
697,174.45714285714286
698,175.14285714285717
699,175.74285714285713
700,175.42857142857142
701,175.31428571428572
702,174.22857142857143
703,172.54285714285714
704,170.68571428571428
705,168.42857142857142
706,166.57142857142858
707,165.45714285714286
708,165.1142857142857
709,165.9714285714286
710,167.17142857142858
711,168.17142857142855
712,168.91428571428568
713,168.6
714,167.31428571428572
715,166.57142857142858
716,165.42857142857142
717,164.9714285714286
718,165.45714285714286
719,166.5142857142857
720,168.22857142857143
721,170.4
722,171.71428571428572
723,172.37142857142857
724,172.4
725,171.2
726,170.25714285714284
727,169.8
728,169.25714285714287
729,168.65714285714287
730,168.71428571428572
731,168.9714285714286
732,168.8857142857143
733,168.94285714285715
734,169.14285714285714
735,169.94285714285712
736,170.62857142857143
737,171.94285714285712
738,173.22857142857146
739,174.65714285714287
740,175.45714285714286
741,174.82857142857142
742,173.1142857142857
743,171.05714285714285
744,168.25714285714284
745,165.71428571428572
746,164.48571428571427
747,163.37142857142857
748,163.62857142857143
749,165.2
750,167.2
751,169.0285714285714
752,170.91428571428574
753,172.05714285714288
754,172.42857142857142
755,171.71428571428572
756,170.82857142857145
757,170.54285714285714
758,170.2
759,170.42857142857142
760,170.42857142857142
761,170.68571428571425
762,170.85714285714283
763,170.5142857142857
764,169.34285714285716
765,169.0
766,167.2857142857143
767,165.65714285714287
768,164.8857142857143
769,164.8857142857143
770,164.8857142857143
771,165.34285714285716
772,165.8
773,166.65714285714284
774,168.25714285714284
775,168.8857142857143
776,169.71428571428572
777,169.9142857142857
778,169.97142857142856
779,168.9714285714286
780,168.34285714285713
781,167.65714285714284
782,168.14285714285717
783,168.22857142857143
784,169.0
785,169.54285714285714
786,170.34285714285713
787,170.8
788,170.77142857142857
789,170.34285714285716
790,170.0
791,169.77142857142857
792,169.6
793,170.0
794,169.77142857142857
795,170.4
796,171.0857142857143
797,171.6
798,171.4
799,171.22857142857143
800,170.17142857142858
801,169.74285714285716
802,169.31428571428572
803,168.57142857142858
804,167.97142857142856
805,168.0285714285714
806,167.2
807,166.71428571428572
808,167.2
809,167.71428571428572
810,168.48571428571427
811,170.0
812,171.4
813,173.2
814,175.0
815,175.9142857142857
816,176.31428571428572
817,176.4
818,175.9714285714286
819,174.82857142857142
820,174.5142857142857
821,173.9142857142857
822,172.91428571428568
823,171.82857142857142
824,171.31428571428572
825,170.17142857142858
826,169.9142857142857
827,169.48571428571427
828,168.9714285714286
829,168.65714285714284
830,168.48571428571427
831,167.37142857142857
832,166.9714285714286
833,167.3142857142857
834,168.0285714285714
835,168.77142857142857
836,169.82857142857142
837,170.77142857142857
838,171.2857142857143
839,171.2857142857143
840,170.4
841,168.8
842,167.82857142857145
843,166.8
844,165.91428571428574
845,166.05714285714285
846,166.39999999999998
847,165.68571428571425
848,165.51428571428573
849,164.88571428571427
850,164.25714285714287
851,164.34285714285716
852,165.08571428571426
853,166.0285714285714
854,167.68571428571428
855,169.54285714285714
856,171.0
857,172.62857142857143
858,172.71428571428572
859,172.2
860,171.3142857142857
861,171.48571428571427
862,171.02857142857144
863,171.9142857142857
864,172.65714285714287
865,174.22857142857143
866,174.97142857142856
867,175.71428571428572
868,175.68571428571428
869,175.8
870,174.82857142857142
871,173.77142857142857
872,172.62857142857143
873,171.88571428571427
874,171.94285714285712
875,172.0
876,171.9142857142857
877,172.0
878,172.77142857142857
879,172.45714285714286
880,172.28571428571428
881,171.4857142857143
882,170.6
883,169.57142857142858
884,169.11428571428573
885,168.2
886,168.85714285714283
887,169.74285714285716
888,170.2
889,171.05714285714285
890,171.62857142857143
891,171.82857142857142
892,171.34285714285713
893,170.65714285714284
894,169.9714285714286
895,170.4
896,170.08571428571432
897,170.4
898,169.94285714285712
899,169.94285714285715
900,169.62857142857143
901,169.34285714285713
902,169.0857142857143
903,170.28571428571428
904,171.62857142857143
905,173.11428571428573
906,174.1142857142857
907,174.05714285714285
908,173.0857142857143
909,171.2
910,168.25714285714284
911,166.1142857142857
912,165.2
913,165.28571428571428
914,166.0857142857143
915,168.5142857142857
916,170.2
917,171.42857142857142
918,171.08571428571426
919,169.68571428571425
920,167.1142857142857
921,165.37142857142857
922,163.57142857142856
923,163.4
924,163.68571428571425
925,165.11428571428573
926,167.31428571428572
927,169.91428571428574
928,171.14285714285714
929,171.9714285714286
930,172.08571428571426
931,171.5142857142857
932,170.57142857142858
933,169.65714285714284
934,168.9714285714286
935,169.11428571428573
936,169.4
937,169.22857142857143
938,169.85714285714286
939,171.05714285714285
940,172.05714285714285
941,173.0
942,174.51428571428573
943,176.14285714285717
944,177.28571428571428
945,178.34285714285716
946,178.05714285714288
947,176.94285714285712
948,174.88571428571427
949,172.91428571428574
950,170.05714285714285
951,169.0857142857143
952,168.25714285714287
953,167.97142857142856
954,168.65714285714287
955,169.9142857142857
956,169.42857142857142
957,169.05714285714285
958,168.42857142857142
959,167.0857142857143
960,165.8
961,164.68571428571428
962,164.62857142857143
963,165.71428571428572
964,167.54285714285714
965,168.28571428571428
966,169.42857142857142
967,170.68571428571425
968,171.85714285714283
969,172.17142857142855
970,172.9714285714286
971,173.0
972,172.68571428571428
973,172.2
974,171.0857142857143
975,169.5142857142857
976,168.62857142857143
977,167.02857142857144
978,165.4857142857143
979,164.45714285714286
980,163.4
981,163.2
982,163.2
983,162.34285714285716
984,162.4
985,163.54285714285714
986,165.2
987,167.4857142857143
988,169.4
989,171.45714285714286
990,174.0285714285714
991,174.71428571428572
992,175.14285714285714
993,176.17142857142855
994,176.34285714285716
995,175.37142857142857
996,174.22857142857143
997,172.22857142857143
998,170.22857142857143
999,168.11428571428573
1000,165.51428571428573
1001,164.0285714285714
1002,164.4857142857143
1003,165.3142857142857
1004,165.88571428571427
1005,168.2
1006,169.68571428571428
1007,169.9142857142857
1008,169.31428571428572
1009,168.54285714285714
1010,166.74285714285713
1011,166.54285714285714
1012,166.25714285714287
1013,166.68571428571428
1014,168.0285714285714
1015,169.77142857142857
1016,171.0285714285714
1017,172.9142857142857
1018,174.42857142857142
1019,174.9714285714286
1020,174.57142857142858
1021,173.28571428571428
1022,172.25714285714284
1023,171.37142857142857
1024,171.25714285714284
1025,171.02857142857144
1026,171.71428571428572
1027,172.54285714285714
1028,173.62857142857143
1029,174.05714285714288
1030,174.25714285714284
1031,174.05714285714285
1032,173.22857142857143
1033,172.0857142857143
1034,171.28571428571428
1035,171.2
1036,170.5142857142857
1037,169.8
1038,168.57142857142858
1039,168.0285714285714
1040,168.05714285714285
1041,168.57142857142858
1042,168.97142857142856
1043,170.57142857142858
1044,171.54285714285714
1045,172.57142857142858
1046,173.02857142857144
1047,173.57142857142858
1048,173.51428571428573
1049,173.0857142857143
1050,172.22857142857143
1051,172.0285714285714
1052,171.9142857142857
1053,171.77142857142857
1054,171.31428571428572
1055,170.8857142857143
1056,170.8857142857143
1057,170.6
1058,170.34285714285716
1059,170.42857142857142
1060,171.0
1061,171.4857142857143
1062,171.85714285714286
1063,172.71428571428572
1064,173.9714285714286
1065,174.9142857142857
1066,175.62857142857143
1067,176.6
1068,176.77142857142857
1069,176.94285714285712
1070,176.45714285714286
1071,175.2
1072,173.85714285714286
1073,172.57142857142858
1074,171.4
1075,170.1142857142857
1076,169.8857142857143
1077,169.68571428571428
1078,170.05714285714288
1079,170.51428571428568
1080,171.28571428571428
1081,171.57142857142858
1082,171.94285714285712
1083,171.25714285714284
1084,170.71428571428572
1085,170.68571428571425
1086,170.25714285714287
1087,170.0285714285714
1088,169.68571428571428
1089,169.25714285714287
1090,168.68571428571425
1091,167.9142857142857
1092,166.54285714285712
1093,166.0285714285714
1094,164.54285714285714
1095,163.31428571428572
1096,163.0285714285714
1097,163.08571428571432
1098,163.68571428571428
1099,165.54285714285714
1100,167.4
1101,169.2
1102,171.22857142857143
1103,172.28571428571428
1104,172.48571428571427
1105,172.31428571428572
1106,171.5142857142857
1107,170.71428571428572
1108,170.65714285714284
1109,170.22857142857143
1110,169.8857142857143
1111,169.77142857142857
1112,169.5142857142857
1113,168.71428571428572
1114,168.08571428571432
1115,166.8857142857143
1116,166.85714285714283
1117,166.9142857142857
1118,168.05714285714288
1119,169.08571428571426
1120,171.05714285714285
1121,171.94285714285715
1122,173.4
1123,173.71428571428572
1124,175.02857142857144
1125,176.02857142857144
1126,177.42857142857142
1127,177.22857142857146
1128,177.45714285714286
1129,177.14285714285714
1130,176.45714285714286
1131,175.22857142857143
1132,174.25714285714284
1133,173.14285714285717
1134,172.8857142857143
1135,172.4
1136,172.17142857142858
1137,171.94285714285715
1138,171.08571428571426
1139,169.14285714285717
1140,167.74285714285713
1141,166.48571428571427
1142,166.31428571428572
1143,165.9142857142857
1144,166.82857142857142
1145,168.34285714285713
1146,170.5142857142857
1147,171.82857142857142
1148,173.94285714285715
1149,174.4
1150,174.45714285714286
1151,173.0
1152,171.74285714285716
1153,169.8857142857143
1154,168.57142857142858
1155,166.74285714285716
1156,166.14285714285714
1157,165.5142857142857
1158,165.5142857142857
1159,165.57142857142858
1160,166.51428571428573
1161,167.5142857142857
1162,168.71428571428572
1163,170.0
1164,171.6
1165,172.17142857142858
1166,171.71428571428572
1167,171.14285714285717
1168,169.71428571428572
1169,168.08571428571432
1170,166.31428571428575
1171,165.4
1172,164.88571428571427
1173,165.54285714285714
1174,165.57142857142856
1175,166.34285714285713
1176,166.02857142857144
1177,165.97142857142856
1178,165.28571428571428
1179,164.9714285714286
1180,164.57142857142858
1181,165.4857142857143
1182,166.57142857142858
1183,167.8
1184,168.77142857142857
1185,169.34285714285716
1186,169.25714285714284
1187,168.77142857142857
1188,167.65714285714284
1189,166.22857142857143
1190,165.51428571428568
1191,165.57142857142858
1192,165.82857142857142
1193,167.25714285714287
1194,169.34285714285713
1195,170.97142857142856
1196,171.68571428571425
1197,172.34285714285713
1198,172.22857142857143
1199,171.71428571428572
1200,171.14285714285717
1201,169.8
1202,167.8857142857143
1203,167.0285714285714
1204,165.65714285714287
1205,163.8571428571429
1206,163.4
1207,163.77142857142857
1208,164.45714285714286
1209,166.85714285714286
1210,169.9714285714286
1211,173.71428571428572
1212,177.74285714285716
1213,180.9714285714286
1214,182.4857142857143
1215,183.37142857142857
1216,182.34285714285716
1217,179.54285714285714
1218,175.54285714285714
1219,171.74285714285713
1220,167.8857142857143
1221,165.48571428571427
1222,164.05714285714288
1223,163.65714285714284
1224,164.6
1225,166.57142857142858
1226,168.6
1227,170.48571428571427
1228,172.25714285714284
1229,173.34285714285716
1230,173.82857142857145
1231,173.57142857142858
1232,173.0857142857143
1233,172.42857142857144
1234,172.0
1235,171.74285714285716
1236,171.48571428571427
1237,172.0
1238,171.9714285714286
1239,171.8857142857143
1240,171.17142857142855
1241,170.62857142857143
1242,169.45714285714286
1243,169.42857142857142
1244,168.8
1245,168.71428571428572
1246,168.68571428571425
1247,168.68571428571428
1248,167.8857142857143
1249,167.68571428571425
1250,167.42857142857142
1251,167.39999999999998
1252,168.4
1253,170.05714285714285
1254,172.05714285714285
1255,174.48571428571427
1256,175.77142857142857
1257,175.34285714285713
1258,174.51428571428573
1259,172.37142857142857
1260,170.0285714285714
1261,168.6
1262,167.74285714285716
1263,167.88571428571427
1264,169.2
1265,170.65714285714287
1266,172.8857142857143
1267,174.62857142857143
1268,175.51428571428573
1269,176.34285714285716
1270,176.9714285714286
1271,177.0857142857143
1272,177.8
1273,178.2
1274,179.0285714285714
1275,179.4
1276,178.8
1277,177.28571428571428
1278,175.74285714285713
1279,173.17142857142858
1280,170.37142857142857
1281,167.28571428571428
1282,164.8
1283,162.9714285714286
1284,161.8857142857143
1285,161.57142857142858
1286,162.74285714285716
1287,165.0
1288,167.42857142857142
1289,169.6
1290,171.17142857142858
1291,172.57142857142856
1292,172.4857142857143
1293,171.54285714285714
1294,169.68571428571425
1295,167.7142857142857
1296,166.0285714285714
1297,165.0
1298,164.0
1299,163.8857142857143
1300,163.74285714285713
1301,163.05714285714288
1302,162.74285714285713
1303,162.4
1304,161.8857142857143
1305,161.5142857142857
1306,161.17142857142858
1307,161.57142857142858
1308,162.14285714285714
1309,162.48571428571427
1310,163.6
1311,164.8857142857143
1312,165.9714285714286
1313,167.77142857142857
1314,169.42857142857142
1315,171.57142857142858
1316,174.1142857142857
1317,175.22857142857143
1318,175.65714285714287
1319,176.22857142857143
1320,176.0285714285714
1321,175.0285714285714
1322,173.62857142857143
1323,171.77142857142857
1324,170.2
1325,169.14285714285714
1326,168.42857142857142
1327,168.14285714285717
1328,169.11428571428573
1329,171.14285714285714
1330,172.8
1331,173.9142857142857
1332,175.6
1333,176.48571428571427
1334,176.25714285714287
1335,174.57142857142858
1336,173.17142857142855
1337,171.31428571428572
1338,170.0
1339,168.1142857142857
1340,167.28571428571428
1341,166.2
1342,166.65714285714287
1343,166.82857142857142
1344,167.71428571428572
1345,168.31428571428572
1346,169.77142857142857
1347,169.48571428571427
1348,169.68571428571425
1349,169.57142857142858
1350,169.17142857142858
1351,168.42857142857142
1352,168.88571428571427
1353,168.17142857142858
1354,168.28571428571428
1355,168.34285714285716
1356,168.0
1357,167.37142857142857
1358,167.65714285714287
1359,167.68571428571428
1360,169.25714285714287
1361,171.0857142857143
1362,173.6
1363,175.88571428571427
1364,178.14285714285717
1365,179.22857142857143
1366,179.8
1367,178.37142857142857
1368,176.28571428571428
1369,173.4
1370,170.14285714285717
1371,167.17142857142858
1372,165.45714285714286
1373,164.71428571428572
1374,165.42857142857144
1375,167.25714285714284
1376,169.5142857142857
1377,171.6857142857143
1378,172.91428571428574
1379,173.05714285714285
1380,172.42857142857142
1381,171.05714285714285
1382,169.85714285714283
1383,168.6
1384,167.51428571428573
1385,166.9142857142857
1386,166.82857142857142
1387,166.62857142857143
1388,167.54285714285714
1389,168.14285714285714
1390,168.8
1391,170.14285714285717
1392,171.94285714285712
1393,173.62857142857143
1394,175.25714285714287
1395,176.31428571428572
1396,176.74285714285716
1397,176.8
1398,175.8
1399,175.14285714285717
1400,175.02857142857144
1401,174.9714285714286
1402,175.0857142857143
1403,176.0285714285714
1404,177.31428571428572
1405,179.25714285714284
1406,180.0
1407,180.17142857142858
1408,180.22857142857143
1409,179.71428571428572
1410,177.74285714285713
1411,176.0
1412,173.62857142857143
1413,171.82857142857142
1414,169.62857142857143
1415,168.54285714285714
1416,168.05714285714288
1417,168.71428571428572
1418,168.62857142857143
1419,169.85714285714283
1420,170.4
1421,171.74285714285713
1422,172.31428571428575
1423,173.02857142857144
1424,172.82857142857142
1425,173.62857142857143
1426,173.71428571428572
1427,174.45714285714286
1428,175.14285714285714
1429,175.74285714285716
1430,175.42857142857142
1431,175.31428571428575
1432,174.22857142857143
1433,172.54285714285714
1434,170.68571428571428
1435,168.42857142857142
1436,166.57142857142856
1437,165.45714285714286
1438,165.1142857142857
1439,165.97142857142856
1440,167.17142857142858
1441,168.17142857142858
1442,168.9142857142857
1443,168.6
1444,167.31428571428572
1445,166.57142857142858
1446,165.42857142857142
1447,164.9714285714286
1448,165.45714285714286
1449,166.51428571428573
1450,168.22857142857146
1451,170.4
1452,171.71428571428572
1453,172.37142857142857
1454,172.4
1455,171.2
1456,169.45714285714286
1457,167.54285714285714
1458,165.8904761904762
1459,164.1990476190476
1460,163.05619047619047
1461,162.10595238095237
1462,161.5222222222222
