1,1.6455820419255
2,1.6458171271712498
3,1.6459599620110714
4,1.6460012447596875
5,1.6459358078241668
6,1.64576055063975
7,1.64557911556575
8,1.645148938851
9,1.644446609523
10,1.643393115531
11,1.641988456866
12,1.6402326335280002
13,1.638125645526
14,1.6356674928600001
15,1.63285817553
16,1.6296976935449998
17,1.626186046896
18,1.622323235592
19,1.6181092596239999
20,1.613529347625
21,1.6085391855120001
22,1.6030649164860002
23,1.597003141005
24,1.59022091682
25,1.582570530306
26,1.575225320481
27,1.57810146493
28,1.5905082732640001
29,1.611710363302
30,1.640942432449
31,1.676102976362
32,1.706332503066
33,1.7313632394840002
34,1.7509569552750002
35,1.7648901914250001
36,1.7716184363169998
37,1.7608543397560001
38,1.732917419512
39,1.688171885136
40,1.6270266379999998
41,1.55142759374
42,1.4724507380199998
43,1.39095242
44,1.3081315284600001
45,1.2255294918800002
46,1.14485900856
47,1.06783277678
48,0.99616349482
49,0.9315638610200001
50,0.8757465736599999
51,0.8302530612
52,0.79628221244
53,0.77469037654
54,0.76599136298
55,0.77018433844
56,0.78675299342
57,0.8148368121599999
58,0.8532310725600001
59,0.90038684618
60,0.9545831014200001
61,1.01409880672
62,1.0772129305
63,1.1422044411399999
64,1.20735230708
65,1.262966370144
66,1.3074561595719998
67,1.339621019348
68,1.3586501082890001
69,1.3641200503889999
70,1.3639499641000001
71,1.358330298711
72,1.347432707002
73,1.331410045264
74,1.3103987228350003
75,1.2926740292510002
76,1.2787557729430001
77,1.269118153898
78,1.2641897636100001
79,1.2643559346960003
80,1.269451056727
81,1.278844679874
82,1.2918565688619998
83,1.307756702941
84,1.32576292635
85,1.33740740267
86,1.34245696127
87,1.3408979098990002
88,1.332936034746
89,1.31899660036
90,1.292104901458
91,1.25358948052
92,1.2048474619810001
93,1.14734455224
94,1.0826150396599998
95,1.01988124282
96,0.9601308145
97,0.9041319291200001
98,0.8524332826400001
99,0.80536409268
100,0.76303409846
101,0.72544329996
102,0.6925916971799999
103,0.6644455621
104,0.64090371062
105,0.62179750258
106,0.6068908418
107,0.595880176
108,0.58842822492
109,0.58419770824
110,0.58285134566
111,0.5840518568999999
112,0.5874619616600001
113,0.5927781076799999
114,0.59976419876
115,0.60825159476
116,0.61813911158
117,0.62937752322
118,0.64192033572
119,0.6556900592200001
120,0.67057820786
121,0.68644529984
122,0.7031363553600001
123,0.72049639462
124,0.7383704378200001
125,0.75660350518
126,0.7750406169
127,0.7935422911800001
128,0.81200004218
129,0.83033637998
130,0.8484701968200001
131,0.86628215324
132,0.88359918012
133,0.90017898066
134,0.91571003046
135,0.9298461912399999
136,0.94224132474
137,0.95254929268
138,0.9604239568199999
139,0.9655191788799999
140,0.96752343444
141,0.9661944266999999
142,0.9613590865399999
143,0.9529135725
144,0.94091245966
145,0.9256233147800002
146,0.9074920824599999
147,0.88714308512
148,0.865379023
149,0.8430917853000001
150,0.8211732612
151,0.8005153398800001
152,0.78200991052
153,0.7665488623000001
154,0.75493489548
155,0.7477923324800001
156,0.7455671179000001
157,0.7485268185
158,0.75665858166
159,0.76965628278
160,0.7870097142
161,0.80800458518
162,0.83172252192
163,0.8571431090799999
164,0.8832459313200001
165,0.9090105732800001
166,0.93341661964
167,0.9554436550600001
168,0.9741733057199999
169,0.9888912808999999
170,0.9990873729199998
171,1.00445545718
172,1.0049127984
173,1.0006138469199999
174,0.99186750332
175,0.97913711854
176,0.9630404937599998
177,0.94433057424
178,0.9237796114999999
179,0.90215985704
180,0.8802435623799999
181,0.8588029790399998
182,0.83859105226
183,0.8202255832399998
184,0.8041699229199999
185,0.79073297188
186,0.78006918044
187,0.7721978548799999
188,0.7670766726
189,0.76457866586
190,0.76449222176
191,0.7665210822399999
192,0.77028434406
193,0.77535878142
194,0.78132116848
195,0.78774827946
196,0.79421688852
197,0.80030376986
198,0.80562802024
199,0.80989338162
200,0.8128882410599999
201,0.8144856308199999
202,0.8146432283199999
203,0.81335480708
204,0.8106016877
205,0.80635273784
206,0.80056437224
207,0.79318055264
208,0.7841390143799999
209,0.77337749274
210,0.76083372304
211,0.74644544056
212,0.7301503806399999
213,0.71189250504
214,0.6916282284799999
215,0.6693264186
216,0.6449972726600001
217,0.6188655775
218,0.5913933597800001
219,0.56327365948
220,0.5354305299
221,0.50899016102
222,0.48510761946000003
223,0.4649379718400001
224,0.44963628477999995
225,0.4403576249
226,0.4382281821399999
227,0.44417200982000005
228,0.4588821479
229,0.482776157
230,0.5157293223
231,0.55705906416
232,0.60569819812
233,0.66022381158
234,0.71890172982
235,0.77995331208
236,0.8415999176200002
237,0.90206290568
238,0.9595636355000001
239,1.01236793236
240,1.0590528836400002
241,1.09855130488
242,1.13015173978
243,1.1534984602
244,1.1685470001
245,1.1752973595
246,1.173778513
247,1.16422225746
248,1.14709218662
249,1.1230836910400002
250,1.09312395816
251,1.05834299768
252,1.01989979388
253,0.9789533310399999
254,0.93666259346
255,0.8941865654200001
256,0.8526552566
257,0.8129958544600001
258,0.7759037495600001
259,0.74184253562
260,0.7110440095
261,0.6835371458
262,0.65932194452
263,0.63839840566
264,0.62076652922
265,0.60643216116
266,0.59541283928
267,0.58773779322
268,0.5834479445199999
269,0.5825959066
270,0.5852401387799999
271,0.5914391004199999
272,0.6012512508600001
273,0.61473504944
274,0.6319489555
275,0.65294558244
276,0.6777658518
277,0.70643899326
278,0.73898254464
279,0.77537305948
280,0.8153761987400001
281,0.85852328426
282,0.90411129886
283,0.9512028862799999
284,0.9986556435799999
285,1.04529787542
286,1.08995788648
287,1.13146398144
288,1.16864446496
289,1.2003569340999998
290,1.2256640326
291,1.2438627432799998
292,1.254484388
293,1.2573301596
294,1.25265502082
295,1.24102748188
296,1.2233003081400002
297,1.2006105200600001
298,1.1743438613
299,1.1459216074399998
300,1.11676503404
301,1.0882954166799998
302,1.06193403092
303,1.03906662044
304,1.02083020568
305,1.00807755202
306,1.00137716966
307,1.0009400685599998
308,1.00658204516
309,1.01793687368
310,1.0344918380199999
311,1.05558773174
312,1.0804921033
313,1.10847250112
314,1.1387964736199998
315,1.1707315692
316,1.20354533632
317,1.2365785685400001
318,1.26931854976
319,1.3013990541799998
320,1.33260034634
321,1.3628273171
322,1.39201437444
323,1.42005219836
324,1.44678774088
325,1.4720242259999998
326,1.4955430136999999
327,1.5171254639999998
328,1.5365529369
329,1.5536067923999999
330,1.5680683905
331,1.5797409552
332,1.5884714385
333,1.5941505204
334,1.59671260892
335,1.59613584006
336,1.59241739836
337,1.58554883748
338,1.57551608016
339,1.5622994182199998
340,1.5458735126
341,1.52621020878
342,1.50328135224
343,1.4770587884600002
344,1.4475143629
345,1.4146199210400001
346,1.37835012382
347,1.33868526306
348,1.2956112615
349,1.2491196728
350,1.1992076815000001
351,1.14587528762
352,1.08912249114
353,1.02907852614
354,0.96613109484
355,0.9009263676
356,0.8343689829000001
357,0.7676220474
358,0.7019779018
359,0.63872888682
360,0.57916734318
361,0.5245856115799999
362,0.4762760327400001
363,0.4354017133
364,0.40286729175999997
365,0.37931893846
366,0.36514435564000003
367,0.36047277735999994
368,0.36530420364
369,0.37959790188
370,0.40302801154
371,0.43494281154000003
372,0.47436472028
373,0.5199902956
374,0.57023096738
375,0.6234574329399999
376,0.67804038958
377,0.73235053462
378,0.78475856536
379,0.8336759117
380,0.87779913148
381,0.9161506430800002
382,0.94809744286
383,0.9734634097200001
384,0.99250729
385,1.00567830206
386,1.01357540372
387,1.01692857478
388,1.0164865125
389,1.01299791416
390,1.00721147702
391,0.99987589834
392,0.99172115792
393,0.9833462136000002
394,0.9752002837200001
395,0.9675828471800001
396,0.9606436434200001
397,0.9544013898999999
398,0.94885608662
399,0.94400773354
400,0.93985633068
401,0.9364018780200001
402,0.9336443755999999
403,0.9315838233999999
404,0.9302127065000001
405,0.9295084801
406,0.9294335695599999
407,0.92993537032
408,0.930946248
409,0.9323910532999999
410,0.93419463688
411,0.9362818494599999
412,0.9385775417000002
413,0.9410065642800001
414,0.94350128282
415,0.9460090928
416,0.94849241954
417,0.9509287182800001
418,0.9533104740799999
419,0.9556376869400001
420,0.95791035688
421,0.9601284838799999
422,0.96229206794
423,0.96440110908
424,0.96645560728
425,0.9684530311199999
426,0.9703731292000001
427,0.9721753987199999
428,0.9737990854800002
429,0.9751631839
430,0.9761689684
431,0.9767151819800001
432,0.97670056766
433,0.9760238684400001
434,0.97458382732
435,0.9722817187200002
436,0.96903653708
437,0.9647875281800001
438,0.95949418922
439,0.95315399434
440,0.9459062164399998
441,0.93803446414
442,0.92996415036
443,0.92226249234
444,0.9156207861000001
445,0.9107480531999999
446,0.9083533151600001
447,0.9091455935599999
448,0.9138339099599999
449,0.92310956038
450,0.9375397620400001
451,0.95754992788
452,0.9834236665
453,1.01530278222
454,1.05315961174
455,1.0966310443
456,1.137318324145
457,1.173684913124
458,1.203964619131
459,1.2262069849050001
460,1.23854962117
461,1.246936129699
462,1.250218240677
463,1.247247684258
464,1.244434970912
465,1.240374493195
466,1.241562831864
467,1.2475008932760001
468,1.2577857809690003
469,1.264605906055
470,1.26843922949
471,1.262388846601
472,1.247080849763
473,1.223572456742
474,1.185784728628
475,1.135826456985
476,1.075939890191
477,1.0085007334
478,0.93601814856
479,0.86859425518
480,0.8079535549600001
481,0.75538942418
482,0.71176411366
483,0.67750874886
484,0.6526276774800001
485,0.6369722707200001
486,0.63029481384
487,0.63224850624
488,0.64238746142
489,0.66021624994
490,0.68523944234
491,0.7169616092
492,0.7548873211
493,0.7985211485800001
494,0.84741720516
495,0.90122869022
496,0.9597078890599999
497,1.02270617284
498,1.0900302234400001
499,1.16124871536
500,1.23564277282
501,1.31220596964
502,1.3896443293399998
503,1.46652010028
504,1.54139553082
505,1.6128328693
506,1.6793943640800002
507,1.73964226352
508,1.79228259116
509,1.8363089208399999
510,1.87100237674
511,1.88377388643
512,1.875022860811
513,1.8454014736600002
514,1.7957276869369998
515,1.727042051178
516,1.6527654524630002
517,1.573840432446
518,1.4913231336789998
519,1.406326499156
520,1.326710701449
521,1.2652636963380002
522,1.222102364387
523,1.19726445623
524,1.190651792113
525,1.195226231932
526,1.1988291215870002
527,1.201780151384
528,1.204285410751
529,1.2064941886940002
530,1.201795810401
531,1.190784096362
532,1.173997540892
533,1.1519193121
534,1.12497725186
535,1.10030383964
536,1.07777173334
537,1.0572535909
538,1.0386220702000002
539,1.02174982916
540,1.00652225988
541,0.9928502229200001
542,0.9806700472200001
543,0.9699435301600001
544,0.9606578303200001
545,0.9528120899199999
546,0.9464045934199999
547,0.9414327674799999
548,0.93789318102
549,0.9357816523999999
550,0.93509389276
551,0.9358256132399999
552,0.9379725249799999
553,0.9415303391200001
554,0.9464948739999999
555,0.95286269854
556,0.96063123944
557,0.9697987811600001
558,0.9803644659199999
559,0.9923435553000001
560,1.00578215568
561,1.02075711104
562,1.0373760029399999
563,1.05577715054
564,1.07611424178
565,1.0985409646400002
566,1.12321100704
567,1.15027805694
568,1.1798958023000001
569,1.21220256228
570,1.24730591844
571,1.28528271476
572,1.32617905762
573,1.3699837858600001
574,1.41648465998
575,1.46525720092
576,1.51566469012
577,1.5668581695000001
578,1.6178029714000002
579,1.66743789818
580,1.7147017522399999
581,1.75853333598
582,1.7978714518
583,1.8316814320199999
584,1.85911431858
585,1.8795333929000002
586,1.89251417594
587,1.89787482316
588,1.89583196458
589,1.8868719201199997
590,1.8717241696800002
591,1.8513613530800002
592,1.82696887514
593,1.7997625357
594,1.77095813456
595,1.74177147152
596,1.7134183464
597,1.6870841640199998
598,1.66374156422
599,1.6441200269
600,1.62870587196
601,1.6177422594
602,1.61115756946
603,1.599580381717
604,1.582433504765
605,1.558998643674
606,1.528416399863
607,1.4897882859469997
608,1.4513441166310002
609,1.4123783740099998
610,1.372185540181
611,1.330060097228
612,1.2928026444799998
613,1.2685798689380001
614,1.256701302679
615,1.2565546554259999
616,1.267605814617
617,1.2820031404330001
618,1.290827907729
619,1.29431754863
620,1.292930319939
621,1.2873453030920001
622,1.27094788942
623,1.245026788185
624,1.210933634596
625,1.17008298976
626,1.1239523407
627,1.0813757904999999
628,1.0431262255
629,1.0097557073599999
630,0.98159547308
631,0.9587402750199999
632,0.9410648332800001
633,0.92831858816
634,0.92012570008
635,0.91598504958
636,0.9152858973199999
637,0.9174018440000001
638,0.9217064903000001
639,0.9275734369
640,0.9343762845000001
641,0.9415042937799999
642,0.94845634528
643,0.95485659942
644,0.96045449646
645,0.9651247565400001
646,0.9688627643600001
647,0.97170165396
648,0.9736966487200001
649,0.9749250614000001
650,0.9754862940600001
651,0.97549079346
652,0.9750490063799999
653,0.9742713796
654,0.9732683598599999
655,0.97215039396
656,0.97101688398
657,0.96994514266
658,0.96899039336
659,0.9681857701200001
660,0.9675423176199999
661,0.96705937078
662,0.96673160886
663,0.9665483903800001
664,0.96649375316
665,0.96654641424
666,0.9666804350400001
667,0.9668692118600001
668,0.96708614106
669,0.9673046189399999
670,0.9674980418600001
671,0.96764047122
672,0.9677106240999999
673,0.9676925382799999
674,0.9675755723
675,0.9673544054000001
676,0.9670283725
677,0.9666035313
678,0.96609805484
679,0.9655422315600001
680,0.9649784652400001
681,0.96446127504
682,0.9640512378
683,0.9638089303800002
684,0.96379492962
685,0.9640698124
686,0.9646941555799999
687,0.9657224783
688,0.96719718438
689,0.96914856224
690,0.9715947849200001
691,0.9745078956000001
692,0.9777858507399999
693,0.98125857776
694,0.9846879750399999
695,0.98776791194
696,0.9901582432800001
697,0.9915188239200001
698,0.9915095087000001
699,0.98979015246
700,0.9860206100400001
701,0.9798947508
702,0.9711744731400002
703,0.9596897044399999
704,0.9453384011800001
705,0.9281529126800001
706,0.9083323304600001
707,0.88620847372
708,0.8622458893600001
709,0.8370418519400001
710,0.8112599998600001
711,0.78556397154
712,0.76061740538
713,0.73708393982
714,0.71562721326
715,0.69684450028
716,0.68120034778
717,0.66902657496
718,0.66052227332
719,0.6557538067
720,0.6547211751199999
721,0.65742437858
722,0.6638634170800001
723,0.67403829062
724,0.6879489992
725,0.720610367996
726,0.7711406956819999
727,0.8385765409670001
728,0.9218727225659998
729,1.0199023192
730,1.1164418444
731,1.211082598185
732,1.303415880585
733,1.39303299163
734,1.4795252313499998
735,1.547469074588
736,1.5973375227000002
737,1.629685317016
738,1.645148938851
739,1.644446609523
740,1.643393115531
741,1.641988456866
742,1.6402326335280002
743,1.638125645526
744,1.6356674928600001
745,1.63285817553
746,1.629697693545
747,1.6261860468959999
748,1.622323235592
749,1.6181092596239999
750,1.6135293476249999
751,1.6085391855120001
752,1.6030649164859998
753,1.597003141005
754,1.59022091682
755,1.582570530306
756,1.575225320481
757,1.57810146493
758,1.5905082732640001
759,1.611710363302
760,1.640942432449
761,1.6761029763620001
762,1.706332503066
763,1.731363239484
764,1.7509569552750002
765,1.7648901914250001
766,1.771618436317
767,1.760854339756
768,1.732917419512
769,1.688171885136
770,1.6270266379999998
771,1.5514275937400002
772,1.47245073802
773,1.39095242
774,1.30813152846
775,1.2255294918800002
776,1.14485900856
777,1.06783277678
778,0.99616349482
779,0.9315638610199999
780,0.8757465736600001
781,0.8302530612
782,0.79628221244
783,0.77469037654
784,0.76599136298
785,0.77018433844
786,0.78675299342
787,0.8148368121599999
788,0.8532310725600001
789,0.90038684618
790,0.9545831014200001
791,1.01409880672
792,1.0772129305
793,1.1422044411399999
794,1.20735230708
795,1.262966370144
796,1.3074561595719998
797,1.339621019348
798,1.3586501082890001
799,1.3641200503889999
800,1.3639499641000001
801,1.358330298711
802,1.347432707002
803,1.331410045264
804,1.3103987228350003
805,1.2926740292510002
806,1.2787557729430001
807,1.269118153898
808,1.2641897636100001
809,1.2643559346960003
810,1.269451056727
811,1.278844679874
812,1.2918565688619998
813,1.307756702941
814,1.32576292635
815,1.33740740267
816,1.34245696127
817,1.3408979098990002
818,1.332936034746
819,1.31899660036
820,1.292104901458
821,1.25358948052
822,1.2048474619810001
823,1.14734455224
824,1.0826150396599998
825,1.01988124282
826,0.9601308145
827,0.9041319291200001
828,0.8524332826400001
829,0.80536409268
830,0.76303409846
831,0.72544329996
832,0.6925916971799999
833,0.6644455621
834,0.64090371062
835,0.62179750258
836,0.6068908418
837,0.595880176
838,0.58842822492
839,0.58419770824
840,0.58285134566
841,0.5840518568999999
842,0.5874619616600001
843,0.5927781076799999
844,0.59976419876
845,0.60825159476
846,0.61813911158
847,0.62937752322
848,0.64192033572
849,0.6556900592200001
850,0.67057820786
851,0.68644529984
852,0.7031363553600001
853,0.72049639462
854,0.7383704378200001
855,0.75660350518
856,0.7750406169
857,0.7935422911800001
858,0.81200004218
859,0.83033637998
860,0.8484701968200001
861,0.86628215324
862,0.88359918012
863,0.90017898066
864,0.91571003046
865,0.9298461912399999
866,0.94224132474
867,0.95254929268
868,0.9604239568199999
869,0.9655191788799999
870,0.96752343444
871,0.9661944266999999
872,0.9613590865399999
873,0.9529135725
874,0.94091245966
875,0.9256233147800002
876,0.9074920824599999
877,0.88714308512
878,0.865379023
879,0.8430917853000001
880,0.8211732612
881,0.8005153398800001
882,0.78200991052
883,0.7665488623000001
884,0.75493489548
885,0.7477923324800001
886,0.7455671179000001
887,0.7485268185
888,0.75665858166
889,0.76965628278
890,0.7870097142
891,0.80800458518
892,0.83172252192
893,0.8571431090799999
894,0.8832459313200001
895,0.9090105732800001
896,0.93341661964
897,0.9554436550600001
898,0.9741733057199999
899,0.9888912808999999
900,0.9990873729199998
901,1.00445545718
902,1.0049127984
903,1.0006138469199999
904,0.99186750332
905,0.97913711854
906,0.9630404937599998
907,0.94433057424
908,0.9237796114999999
909,0.90215985704
910,0.8802435623799999
911,0.8588029790399998
912,0.83859105226
913,0.8202255832399998
914,0.8041699229199999
915,0.79073297188
916,0.78006918044
917,0.7721978548799999
918,0.7670766726
919,0.76457866586
920,0.76449222176
921,0.7665210822399999
922,0.77028434406
923,0.77535878142
924,0.78132116848
925,0.78774827946
926,0.79421688852
927,0.80030376986
928,0.80562802024
929,0.80989338162
930,0.8128882410599999
931,0.8144856308199999
932,0.8146432283199999
933,0.81335480708
934,0.8106016877
935,0.80635273784
936,0.80056437224
937,0.79318055264
938,0.7841390143799999
939,0.77337749274
940,0.76083372304
941,0.74644544056
942,0.7301503806399999
943,0.71189250504
944,0.6916282284799999
945,0.6693264186
946,0.6449972726600001
947,0.6188655775
948,0.5913933597800001
949,0.56327365948
950,0.5354305299
951,0.50899016102
952,0.48510761946000003
953,0.4649379718400001
954,0.44963628477999995
955,0.4403576249
956,0.4382281821399999
957,0.44417200982000005
958,0.4588821479
959,0.482776157
960,0.5157293223
961,0.55705906416
962,0.60569819812
963,0.66022381158
964,0.71890172982
965,0.77995331208
966,0.8415999176200002
967,0.90206290568
968,0.9595636355000001
969,1.01236793236
970,1.0590528836400002
971,1.09855130488
972,1.13015173978
973,1.1534984602
974,1.1685470001
975,1.1752973595
976,1.173778513
977,1.16422225746
978,1.14709218662
979,1.1230836910400002
980,1.09312395816
981,1.05834299768
982,1.01989979388
983,0.9789533310399999
984,0.93666259346
985,0.8941865654200001
986,0.8526552566
987,0.8129958544600001
988,0.7759037495600001
989,0.74184253562
990,0.7110440095
991,0.6835371458
992,0.65932194452
993,0.63839840566
994,0.62076652922
995,0.60643216116
996,0.59541283928
997,0.58773779322
998,0.5834479445199999
999,0.5825959066
1000,0.5852401387799999
1001,0.5914391004199999
1002,0.6012512508600001
1003,0.61473504944
1004,0.6319489555
1005,0.65294558244
1006,0.6777658518
1007,0.70643899326
1008,0.73898254464
1009,0.77537305948
1010,0.8153761987400001
1011,0.85852328426
1012,0.90411129886
1013,0.9512028862799999
1014,0.9986556435799999
1015,1.04529787542
1016,1.08995788648
1017,1.13146398144
1018,1.16864446496
1019,1.2003569340999998
1020,1.2256640326
1021,1.2438627432799998
1022,1.254484388
1023,1.2573301596
1024,1.25265502082
1025,1.24102748188
1026,1.2233003081400002
1027,1.2006105200600001
1028,1.1743438613
1029,1.1459216074399998
1030,1.11676503404
1031,1.0882954166799998
1032,1.06193403092
1033,1.03906662044
1034,1.02083020568
1035,1.00807755202
1036,1.00137716966
1037,1.0009400685599998
1038,1.00658204516
1039,1.01793687368
1040,1.0344918380199999
1041,1.05558773174
1042,1.0804921033
1043,1.10847250112
1044,1.1387964736199998
1045,1.1707315692
1046,1.20354533632
1047,1.2365785685400001
1048,1.26931854976
1049,1.3013990541799998
1050,1.33260034634
1051,1.3628273171
1052,1.39201437444
1053,1.42005219836
1054,1.44678774088
1055,1.4720242259999998
1056,1.4955430136999999
1057,1.5171254639999998
1058,1.5365529369
1059,1.5536067923999999
1060,1.5680683905
1061,1.5797409552
1062,1.5884714385
1063,1.5941505204
1064,1.59671260892
1065,1.59613584006
1066,1.59241739836
1067,1.58554883748
1068,1.57551608016
1069,1.5622994182199998
1070,1.5458735126
1071,1.52621020878
1072,1.50328135224
1073,1.4770587884600002
1074,1.4475143629
1075,1.4146199210400001
1076,1.37835012382
1077,1.33868526306
1078,1.2956112615
1079,1.2491196728
1080,1.1992076815000001
1081,1.14587528762
1082,1.08912249114
1083,1.02907852614
1084,0.96613109484
1085,0.9009263676
1086,0.8343689829000001
1087,0.7676220474
1088,0.7019779018
1089,0.63872888682
1090,0.57916734318
1091,0.5245856115799999
1092,0.4762760327400001
1093,0.4354017133
1094,0.40286729175999997
1095,0.37931893846
1096,0.36514435564000003
1097,0.36047277735999994
1098,0.36530420364
1099,0.37959790188
1100,0.40302801154
1101,0.43494281154000003
1102,0.47436472028
1103,0.5199902956
1104,0.57023096738
1105,0.6234574329399999
1106,0.67804038958
1107,0.73235053462
1108,0.78475856536
1109,0.8336759117
1110,0.87779913148
1111,0.9161506430800002
1112,0.94809744286
1113,0.9734634097200001
1114,0.99250729
1115,1.00567830206
1116,1.01357540372
1117,1.01692857478
1118,1.0164865125
1119,1.01299791416
1120,1.00721147702
1121,0.99987589834
1122,0.99172115792
1123,0.9833462136000002
1124,0.9752002837200001
1125,0.9675828471800001
1126,0.9606436434200001
1127,0.9544013898999999
1128,0.94885608662
1129,0.94400773354
1130,0.93985633068
1131,0.9364018780200001
1132,0.9336443755999999
1133,0.9315838233999999
1134,0.9302127065000001
1135,0.9295084801
1136,0.9294335695599999
1137,0.92993537032
1138,0.930946248
1139,0.9323910532999999
1140,0.93419463688
1141,0.9362818494599999
1142,0.9385775417000002
1143,0.9410065642800001
1144,0.94350128282
1145,0.9460090928
1146,0.94849241954
1147,0.9509287182800001
1148,0.9533104740799999
1149,0.9556376869400001
1150,0.95791035688
1151,0.9601284838799999
1152,0.96229206794
1153,0.96440110908
1154,0.96645560728
1155,0.9684530311199999
1156,0.9703731292000001
1157,0.9721753987199999
1158,0.9737990854800002
1159,0.9751631839
1160,0.9761689684
1161,0.9767151819800001
1162,0.97670056766
1163,0.9760238684400001
1164,0.97458382732
1165,0.9722817187200002
1166,0.96903653708
1167,0.9647875281800001
1168,0.95949418922
1169,0.95315399434
1170,0.9459062164399998
1171,0.93803446414
1172,0.92996415036
1173,0.92226249234
1174,0.9156207861000001
1175,0.9107480531999999
1176,0.9083533151600001
1177,0.9091455935599999
1178,0.9138339099599999
1179,0.92310956038
1180,0.9375397620400001
1181,0.95754992788
1182,0.9834236665
1183,1.01530278222
1184,1.05315961174
1185,1.0966310443
1186,1.137318324145
1187,1.173684913124
1188,1.203964619131
1189,1.2262069849050001
1190,1.23854962117
1191,1.246936129699
1192,1.250218240677
1193,1.247247684258
1194,1.244434970912
1195,1.240374493195
1196,1.241562831864
1197,1.2475008932760001
1198,1.2577857809690003
1199,1.264605906055
1200,1.26843922949
1201,1.262388846601
1202,1.247080849763
1203,1.223572456742
1204,1.185784728628
1205,1.135826456985
1206,1.075939890191
1207,1.0085007334
1208,0.93601814856
1209,0.86859425518
1210,0.8079535549600001
1211,0.75538942418
1212,0.71176411366
1213,0.67750874886
1214,0.6526276774800001
1215,0.6369722707200001
1216,0.63029481384
1217,0.63224850624
1218,0.64238746142
1219,0.66021624994
1220,0.68523944234
1221,0.7169616092
1222,0.7548873211
1223,0.7985211485800001
1224,0.84741720516
1225,0.90122869022
1226,0.9597078890599999
1227,1.02270617284
1228,1.0900302234400001
1229,1.16124871536
1230,1.23564277282
1231,1.31220596964
1232,1.3896443293399998
1233,1.46652010028
1234,1.54139553082
1235,1.6128328693
1236,1.6793943640800002
1237,1.73964226352
1238,1.79228259116
1239,1.8363089208399999
1240,1.87100237674
1241,1.88377388643
1242,1.875022860811
1243,1.8454014736600002
1244,1.7957276869369998
1245,1.727042051178
1246,1.6527654524630002
1247,1.573840432446
1248,1.4913231336789998
1249,1.406326499156
1250,1.326710701449
1251,1.2652636963380002
1252,1.222102364387
1253,1.19726445623
1254,1.190651792113
1255,1.195226231932
1256,1.1988291215870002
1257,1.201780151384
1258,1.204285410751
1259,1.2064941886940002
1260,1.201795810401
1261,1.190784096362
1262,1.173997540892
1263,1.1519193121
1264,1.12497725186
1265,1.10030383964
1266,1.07777173334
1267,1.0572535909
1268,1.0386220702000002
1269,1.02174982916
1270,1.00652225988
1271,0.9928502229200001
1272,0.9806700472200001
1273,0.9699435301600001
1274,0.9606578303200001
1275,0.9528120899199999
1276,0.9464045934199999
1277,0.9414327674799999
1278,0.93789318102
1279,0.9357816523999999
1280,0.93509389276
1281,0.9358256132399999
1282,0.9379725249799999
1283,0.9415303391200001
1284,0.9464948739999999
1285,0.95286269854
1286,0.96063123944
1287,0.9697987811600001
1288,0.9803644659199999
1289,0.9923435553000001
1290,1.00578215568
1291,1.02075711104
1292,1.0373760029399999
1293,1.05577715054
1294,1.07611424178
1295,1.0985409646400002
1296,1.12321100704
1297,1.15027805694
1298,1.1798958023000001
1299,1.21220256228
1300,1.24730591844
1301,1.28528271476
1302,1.32617905762
1303,1.3699837858600001
1304,1.41648465998
1305,1.46525720092
1306,1.51566469012
1307,1.5668581695000001
1308,1.6178029714000002
1309,1.66743789818
1310,1.7147017522399999
1311,1.75853333598
1312,1.7978714518
1313,1.8316814320199999
1314,1.85911431858
1315,1.8795333929000002
1316,1.89251417594
1317,1.89787482316
1318,1.89583196458
1319,1.8868719201199997
1320,1.8717241696800002
1321,1.8513613530800002
1322,1.82696887514
1323,1.7997625357
1324,1.77095813456
1325,1.74177147152
1326,1.7134183464
1327,1.6870841640199998
1328,1.66374156422
1329,1.6441200269
1330,1.62870587196
1331,1.6177422594
1332,1.61115756946
1333,1.599580381717
1334,1.582433504765
1335,1.558998643674
1336,1.528416399863
1337,1.4897882859469997
1338,1.4513441166310002
1339,1.4123783740099998
1340,1.372185540181
1341,1.330060097228
1342,1.2928026444799998
1343,1.2685798689380001
1344,1.256701302679
1345,1.2565546554259999
1346,1.267605814617
1347,1.2820031404330001
1348,1.290827907729
1349,1.29431754863
1350,1.292930319939
1351,1.2873453030920001
1352,1.27094788942
1353,1.245026788185
1354,1.210933634596
1355,1.17008298976
1356,1.1239523407
1357,1.0813757904999999
1358,1.0431262255
1359,1.0097557073599999
1360,0.98159547308
1361,0.9587402750199999
1362,0.9410648332800001
1363,0.92831858816
1364,0.92012570008
1365,0.91598504958
1366,0.9152858973199999
1367,0.9174018440000001
1368,0.9217064903000001
1369,0.9275734369
1370,0.9343762845000001
1371,0.9415042937799999
1372,0.94845634528
1373,0.95485659942
1374,0.96045449646
1375,0.9651247565400001
1376,0.9688627643600001
1377,0.97170165396
1378,0.9736966487200001
1379,0.9749250614000001
1380,0.9754862940600001
1381,0.97549079346
1382,0.9750490063799999
1383,0.9742713796
1384,0.9732683598599999
1385,0.97215039396
1386,0.97101688398
1387,0.96994514266
1388,0.96899039336
1389,0.9681857701200001
1390,0.9675423176199999
1391,0.96705937078
1392,0.96673160886
1393,0.9665483903800001
1394,0.96649375316
1395,0.96654641424
1396,0.9666804350400001
1397,0.9668692118600001
1398,0.96708614106
1399,0.9673046189399999
1400,0.9674980418600001
1401,0.96764047122
1402,0.9677106240999999
1403,0.9676925382799999
1404,0.9675755723
1405,0.9673544054000001
1406,0.9670283725
1407,0.9666035313
1408,0.96609805484
1409,0.9655422315600001
1410,0.9649784652400001
1411,0.96446127504
1412,0.9640512378
1413,0.9638089303800002
1414,0.96379492962
1415,0.9640698124
1416,0.9646941555799999
1417,0.9657224783
1418,0.96719718438
1419,0.96914856224
1420,0.9715947849200001
1421,0.9745078956000001
1422,0.9777858507399999
1423,0.98125857776
1424,0.9846879750399999
1425,0.98776791194
1426,0.9901582432800001
1427,0.9915188239200001
1428,0.9915095087000001
1429,0.98979015246
1430,0.9860206100400001
1431,0.9798947508
1432,0.9711744731400002
1433,0.9596897044399999
1434,0.9453384011800001
1435,0.9281529126800001
1436,0.9083323304600001
1437,0.88620847372
1438,0.8622458893600001
1439,0.8370418519400001
1440,0.8112599998600001
1441,0.78556397154
1442,0.76061740538
1443,0.73708393982
1444,0.71562721326
1445,0.69684450028
1446,0.68120034778
1447,0.66902657496
1448,0.66052227332
1449,0.6557538067
1450,0.6547211751199999
1451,0.65742437858
1452,0.6638634170800001
1453,0.67403829062
1454,0.6879489992
1455,0.70559554282
1456,0.72697792146
1457,0.7498128698100001
1458,0.7738513322099999
1459,0.7859329973444444
1460,0.7990627505125
1461,0.8131560815571428
1462,0.8280721402499999
