target_step_seconds,cell_i0,cell_i1,alpha,stage,variable,target_value,scale,weight
648000,13,14,0,1,Sal,14.275,20.496,0.0119047619
648000,79,80,0,1,Sal,0.03,20.496,0.0119047619
864000,23,24,0,1,Sal,1.7,20.496,0.0119047619
1065600,58,59,0,1,Sal,0.04,20.496,0.0119047619
1094400,36,37,0,1,Sal,0.613333,20.496,0.0119047619
1209600,1,1,0,1,Sal,25.2,20.496,0.0119047619
1209600,45,46,0,1,Sal,0.065,20.496,0.0119047619
3628800,1,1,0,1,Sal,24.7,20.496,0.0119047619
3628800,45,46,0,1,Sal,1,20.496,0.0119047619
3715200,58,59,0,1,Sal,0.035,20.496,0.0119047619
3758400,36,37,0,1,Sal,1.4775,20.496,0.0119047619
3888000,23,24,0,1,Sal,3.15,20.496,0.0119047619
4233600,13,14,0,1,Sal,14.3675,20.496,0.0119047619
4233600,79,80,0,1,Sal,0.03,20.496,0.0119047619
6350400,23,24,0,1,Sal,4,20.496,0.0119047619
6825600,13,14,0,1,Sal,15.855,20.496,0.0119047619
6825600,79,80,0,1,Sal,0.03,20.496,0.0119047619
6847200,36,37,0,1,Sal,1.8625,20.496,0.0119047619
6847200,58,59,0,1,Sal,0.055,20.496,0.0119047619
7344000,1,1,0,1,Sal,26.75,20.496,0.0119047619
7344000,45,46,0,1,Sal,1.675,20.496,0.0119047619
9244800,23,24,0,1,Sal,2.05,20.496,0.0119047619
9417600,13,14,0,1,Sal,10.7675,20.496,0.0119047619
9417600,79,80,0,1,Sal,0.03,20.496,0.0119047619
9655200,36,37,0,1,Sal,0.8675,20.496,0.0119047619
9655200,58,59,0,1,Sal,0.04,20.496,0.0119047619
10108800,1,1,0,1,Sal,21.82,20.496,0.0119047619
10108800,45,46,0,1,Sal,0.495,20.496,0.0119047619
11577600,23,24,0,1,Sal,0.5,20.496,0.0119047619
12182400,13,14,0,1,Sal,5.755,20.496,0.0119047619
12182400,36,37,0,1,Sal,0.125,20.496,0.0119047619
12182400,79,80,0,1,Sal,0.03,20.496,0.0119047619
12225600,58,59,0,1,Sal,0.025,20.496,0.0119047619
12787200,1,1,0,1,Sal,21,20.496,0.0119047619
12787200,45,46,0,1,Sal,0.105,20.496,0.0119047619
13996800,23,24,0,1,Sal,0.15,20.496,0.0119047619
14601600,13,14,0,1,Sal,5.425,20.496,0.0119047619
14601600,36,37,0,1,Sal,0.14,20.496,0.0119047619
14601600,79,80,0,1,Sal,0.03,20.496,0.0119047619
14644800,58,59,0,1,Sal,0.02,20.496,0.0119047619
15206400,1,1,0,1,Sal,20.625,20.496,0.0119047619
15206400,45,46,0,1,Sal,0.05,20.496,0.0119047619
16588800,23,24,0,1,Sal,0.25,20.496,0.0119047619
17107200,13,14,0,1,Sal,5.8125,20.496,0.0119047619
17107200,58,59,0,1,Sal,0.025,20.496,0.0119047619
17107200,79,80,0,1,Sal,0.0325,20.496,0.0119047619
17150400,36,37,0,1,Sal,0.125,20.496,0.0119047619
17712000,1,1,0,1,Sal,21.695,20.496,0.0119047619
17712000,45,46,0,1,Sal,0.08,20.496,0.0119047619
19612800,23,24,0,1,Sal,0.166667,20.496,0.0119047619
19699200,13,14,0,1,Sal,3.055,20.496,0.0119047619
19699200,79,80,0,1,Sal,0.03,20.496,0.0119047619
19889280,36,37,0,1,Sal,0.3,20.496,0.0119047619
19889280,58,59,0,1,Sal,0.016,20.496,0.0119047619
20304000,1,1,0,1,Sal,20.16,20.496,0.0119047619
20304000,45,46,0,1,Sal,0.085,20.496,0.0119047619
22161600,13,14,0,1,Sal,3.4025,20.496,0.0119047619
22161600,79,80,0,1,Sal,0.0275,20.496,0.0119047619
22550400,23,24,0,1,Sal,0,20.496,0.0119047619
22694400,58,59,0,1,Sal,0.026667,20.496,0.0119047619
22723200,36,37,0,1,Sal,0.34,20.496,0.0119047619
22809600,1,1,0,1,Sal,20.195,20.496,0.0119047619
22809600,45,46,0,1,Sal,0.07,20.496,0.0119047619
24278400,1,1,0,1,Sal,18.615,20.496,0.0119047619
24278400,45,46,0,1,Sal,0.1,20.496,0.0119047619
24343200,36,37,0,1,Sal,0.2525,20.496,0.0119047619
24364800,58,59,0,1,Sal,0.025,20.496,0.0119047619
24494400,23,24,0,1,Sal,0,20.496,0.0119047619
24883200,13,14,0,1,Sal,0.135,20.496,0.0119047619
24883200,79,80,0,1,Sal,0.03,20.496,0.0119047619
27129600,1,1,0,1,Sal,22.85,20.496,0.0119047619
27129600,45,46,0,1,Sal,0.085,20.496,0.0119047619
27336960,58,59,0,1,Sal,0.02,20.496,0.0119047619
27354240,36,37,0,1,Sal,0.038,20.496,0.0119047619
27504000,23,24,0,1,Sal,0.133333,20.496,0.0119047619
27561600,13,14,0,1,Sal,3.865,20.496,0.0119047619
27561600,79,80,0,1,Sal,0.03,20.496,0.0119047619
29289600,1,1,0,1,Sal,23.6,20.496,0.0119047619
29289600,45,46,0,1,Sal,0.115,20.496,0.0119047619
29491200,58,59,0,1,Sal,0.04,20.496,0.0119047619
29520000,36,37,0,1,Sal,0.19,20.496,0.0119047619
29894400,13,14,0,1,Sal,11.09,20.496,0.0119047619
29894400,79,80,0,1,Sal,0.04,20.496,0.0119047619
29980800,23,24,0,1,Sal,1.2,20.496,0.0119047619
86400,13,14,0,2,PO4,0.9686793671,2.525024217,0.04166666667
86400,79,80,0,2,PO4,1.695188892,2.525024217,0.04347826087
777600,58,59,0,2,PO4,1.614465612,2.525024217,0.02941176471
864000,23,24,0,2,PO4,2.583144979,2.525024217,0.0652173913
864000,36,37,0,2,PO4,2.260251857,2.525024217,0.08571428571
1209600,1,2,0,2,PO4,0.3713270907,2.525024217,0.08333333333
1209600,13,14,0,2,PO4,0.06457862448,2.525024217,0.04166666667
1209600,36,37,0,2,PO4,1.598320956,2.525024217,0.08571428571
1209600,45,46,0,2,PO4,0.129157249,2.525024217,0.125
1209600,58,59,0,2,PO4,0.3228931224,2.525024217,0.02941176471
1209600,79,80,0,2,PO4,1.598320956,2.525024217,0.04347826087
3196800,58,59,0,2,PO4,1.614465612,2.525024217,0.02941176471
3283200,23,24,0,2,PO4,1.614465612,2.525024217,0.0652173913
3283200,36,37,0,2,PO4,2.260251857,2.525024217,0.08571428571
3628800,1,2,0,2,PO4,0.3067484663,2.525024217,0.08333333333
3628800,13,14,0,2,PO4,1.340006458,2.525024217,0.04166666667
3628800,36,37,0,2,PO4,0.4197610591,2.525024217,0.08571428571
3628800,45,46,0,2,PO4,0.4197610591,2.525024217,0.125
3628800,58,59,0,2,PO4,0.5650629642,2.525024217,0.02941176471
3628800,79,80,0,2,PO4,1.275427833,2.525024217,0.04347826087
4406400,58,59,0,2,PO4,0.9686793671,2.525024217,0.02941176471
4492800,23,24,0,2,PO4,0.6457862448,2.525024217,0.0652173913
4492800,36,37,0,2,PO4,1.29157249,2.525024217,0.08571428571
4838400,13,14,0,2,PO4,1.162415241,2.525024217,0.04166666667
4838400,79,80,0,2,PO4,1.695188892,2.525024217,0.04347826087
5702400,23,24,0,2,PO4,1.29157249,2.525024217,0.0652173913
5702400,36,37,0,2,PO4,0.9686793671,2.525024217,0.08571428571
5788800,58,59,0,2,PO4,1.614465612,2.525024217,0.02941176471
6307200,13,14,0,2,PO4,1.130125928,2.525024217,0.04166666667
6307200,79,80,0,2,PO4,1.888924766,2.525024217,0.04347826087
6912000,58,59,0,2,PO4,0.9686793671,2.525024217,0.02941176471
6998400,23,24,0,2,PO4,1.614465612,2.525024217,0.0652173913
6998400,36,37,0,2,PO4,1.29157249,2.525024217,0.08571428571
7344000,1,2,0,2,PO4,1.356151114,2.525024217,0.08333333333
7344000,13,14,0,2,PO4,1.679044236,2.525024217,0.04166666667
7344000,36,37,0,2,PO4,1.420729738,2.525024217,0.08571428571
7344000,45,46,0,2,PO4,2.034226671,2.525024217,0.125
7344000,58,59,0,2,PO4,0.9686793671,2.525024217,0.02941176471
7344000,79,80,0,2,PO4,1.614465612,2.525024217,0.04347826087
8553600,23,24,0,2,PO4,0.6457862448,2.525024217,0.0652173913
8553600,36,37,0,2,PO4,0.6457862448,2.525024217,0.08571428571
8640000,58,59,0,2,PO4,0.9686793671,2.525024217,0.02941176471
8726400,13,14,0,2,PO4,1.420729738,2.525024217,0.04166666667
8726400,79,80,0,2,PO4,2.082660639,2.525024217,0.04347826087
9763200,58,59,0,2,PO4,0.9686793671,2.525024217,0.02941176471
9849600,36,37,0,2,PO4,1.29157249,2.525024217,0.08571428571
9936000,23,24,0,2,PO4,0.6457862448,2.525024217,0.0652173913
10108800,1,2,0,2,PO4,1.29157249,2.525024217,0.08333333333
10108800,13,14,0,2,PO4,1.113981272,2.525024217,0.04166666667
10108800,36,37,0,2,PO4,1.824346141,2.525024217,0.08571428571
10108800,45,46,0,2,PO4,1.259283177,2.525024217,0.125
10108800,58,59,0,2,PO4,1.420729738,2.525024217,0.02941176471
10108800,79,80,0,2,PO4,1.501453019,2.525024217,0.04347826087
10972800,23,24,0,2,PO4,0.9686793671,2.525024217,0.0652173913
10972800,36,37,0,2,PO4,0.9686793671,2.525024217,0.08571428571
11059200,58,59,0,2,PO4,0.9686793671,2.525024217,0.02941176471
11577600,13,14,0,2,PO4,2.066515983,2.525024217,0.04166666667
11577600,79,80,0,2,PO4,1.275427833,2.525024217,0.04347826087
12182400,23,24,0,2,PO4,0.9686793671,2.525024217,0.0652173913
12182400,36,37,0,2,PO4,1.614465612,2.525024217,0.08571428571
12268800,58,59,0,2,PO4,0.9686793671,2.525024217,0.02941176471
12787200,1,2,0,2,PO4,2.534711011,2.525024217,0.08333333333
12787200,13,14,0,2,PO4,3.051340006,2.525024217,0.04166666667
12787200,36,37,0,2,PO4,4.197610591,2.525024217,0.08571428571
12787200,45,46,0,2,PO4,6.667742977,2.525024217,0.125
12787200,58,59,0,2,PO4,2.841459477,2.525024217,0.02941176471
12787200,79,80,0,2,PO4,1.630610268,2.525024217,0.04347826087
13392000,23,24,0,2,PO4,0.6457862448,2.525024217,0.0652173913
13392000,36,37,0,2,PO4,1.29157249,2.525024217,0.08571428571
13478400,58,59,0,2,PO4,1.29157249,2.525024217,0.02941176471
13996800,13,14,0,2,PO4,2.211817888,2.525024217,0.04166666667
13996800,79,80,0,2,PO4,1.566031644,2.525024217,0.04347826087
14601600,23,24,0,2,PO4,0.9686793671,2.525024217,0.0652173913
14601600,36,37,0,2,PO4,1.614465612,2.525024217,0.08571428571
14688000,58,59,0,2,PO4,1.29157249,2.525024217,0.02941176471
15206400,1,2,0,2,PO4,1.000968679,2.525024217,0.08333333333
15206400,13,14,0,2,PO4,1.404585082,2.525024217,0.04166666667
15206400,36,37,0,2,PO4,4.520503713,2.525024217,0.08571428571
15206400,45,46,0,2,PO4,3.987730061,2.525024217,0.125
15206400,58,59,0,2,PO4,2.244107201,2.525024217,0.02941176471
15206400,79,80,0,2,PO4,1.388440426,2.525024217,0.04347826087
15811200,58,59,0,2,PO4,0.9686793671,2.525024217,0.02941176471
15897600,23,24,0,2,PO4,0.6457862448,2.525024217,0.0652173913
15897600,36,37,0,2,PO4,1.614465612,2.525024217,0.08571428571
16502400,13,14,0,2,PO4,1.194704553,2.525024217,0.04166666667
16502400,79,80,0,2,PO4,2.050371327,2.525024217,0.04347826087
17193600,58,59,0,2,PO4,1.29157249,2.525024217,0.02941176471
17280000,23,24,0,2,PO4,0.9686793671,2.525024217,0.0652173913
17280000,36,37,0,2,PO4,1.937358734,2.525024217,0.08571428571
17712000,1,2,0,2,PO4,2.001937359,2.525024217,0.08333333333
17712000,13,14,0,2,PO4,1.065547304,2.525024217,0.04166666667
17712000,36,37,0,2,PO4,2.906038101,2.525024217,0.08571428571
17712000,45,46,0,2,PO4,2.195673232,2.525024217,0.125
17712000,58,59,0,2,PO4,2.114949952,2.525024217,0.02941176471
17712000,79,80,0,2,PO4,2.114949952,2.525024217,0.04347826087
18403200,58,59,0,2,PO4,0.9686793671,2.525024217,0.02941176471
18489600,23,24,0,2,PO4,0.6457862448,2.525024217,0.0652173913
18489600,36,37,0,2,PO4,1.614465612,2.525024217,0.08571428571
19094400,13,14,0,2,PO4,0.6457862448,2.525024217,0.04166666667
19094400,79,80,0,2,PO4,1.759767517,2.525024217,0.04347826087
19612800,23,24,0,2,PO4,0.3228931224,2.525024217,0.0652173913
19612800,36,37,0,2,PO4,0.9686793671,2.525024217,0.08571428571
19612800,58,59,0,2,PO4,0.6457862448,2.525024217,0.02941176471
20304000,1,2,0,2,PO4,0.9041007427,2.525024217,0.08333333333
20304000,13,14,0,2,PO4,0.6134969325,2.525024217,0.04166666667
20304000,36,37,0,2,PO4,0.9041007427,2.525024217,0.08571428571
20304000,45,46,0,2,PO4,2.244107201,2.525024217,0.125
20304000,58,59,0,2,PO4,2.841459477,2.525024217,0.02941176471
20304000,79,80,0,2,PO4,0.5166289958,2.525024217,0.04347826087
20736000,23,24,0,2,PO4,1.29157249,2.525024217,0.0652173913
20736000,36,37,0,2,PO4,0.9686793671,2.525024217,0.08571428571
20822400,58,59,0,2,PO4,0.6457862448,2.525024217,0.02941176471
21513600,13,14,0,2,PO4,0.9686793671,2.525024217,0.04166666667
21513600,79,80,0,2,PO4,1.598320956,2.525024217,0.04347826087
22464000,58,59,0,2,PO4,0.6457862448,2.525024217,0.02941176471
22550400,23,24,0,2,PO4,0.6457862448,2.525024217,0.0652173913
22550400,36,37,0,2,PO4,0.6457862448,2.525024217,0.08571428571
22809600,1,2,0,2,PO4,0.6296415886,2.525024217,0.08333333333
22809600,13,14,0,2,PO4,0.7426541815,2.525024217,0.04166666667
22809600,36,37,0,2,PO4,1.113981272,2.525024217,0.08571428571
22809600,45,46,0,2,PO4,1.210849209,2.525024217,0.125
22809600,58,59,0,2,PO4,0.9041007427,2.525024217,0.02941176471
22809600,79,80,0,2,PO4,1.323861802,2.525024217,0.04347826087
23760000,36,37,0,2,PO4,0.9686793671,2.525024217,0.08571428571
23760000,58,59,0,2,PO4,0.6457862448,2.525024217,0.02941176471
23932800,23,24,0,2,PO4,0.6457862448,2.525024217,0.0652173913
24278400,1,2,0,2,PO4,1.533742331,2.525024217,0.08333333333
24278400,13,14,0,2,PO4,3.083629319,2.525024217,0.04166666667
24278400,36,37,0,2,PO4,4.181465935,2.525024217,0.08571428571
24278400,45,46,0,2,PO4,3.842428156,2.525024217,0.125
25056000,23,24,0,2,PO4,1.29157249,2.525024217,0.0652173913
25056000,36,37,0,2,PO4,0.9686793671,2.525024217,0.08571428571
25142400,58,59,0,2,PO4,0.6457862448,2.525024217,0.02941176471
25488000,13,14,0,2,PO4,1.5821763,2.525024217,0.04166666667
25488000,79,80,0,2,PO4,3.164352599,2.525024217,0.04347826087
26265600,58,59,0,2,PO4,0.6457862448,2.525024217,0.02941176471
26352000,23,24,0,2,PO4,0.9686793671,2.525024217,0.0652173913
26352000,36,37,0,2,PO4,2.583144979,2.525024217,0.08571428571
27129600,1,2,0,2,PO4,0.9041007427,2.525024217,0.08333333333
27129600,13,14,0,2,PO4,0.8395221182,2.525024217,0.04166666667
27129600,36,37,0,2,PO4,1.985792703,2.525024217,0.08571428571
27129600,45,46,0,2,PO4,2.066515983,2.525024217,0.125
27129600,58,59,0,2,PO4,2.486277042,2.525024217,0.02941176471
27129600,79,80,0,2,PO4,2.421698418,2.525024217,0.04347826087
27388800,23,24,0,2,PO4,1.29157249,2.525024217,0.0652173913
27388800,36,37,0,2,PO4,1.29157249,2.525024217,0.08571428571
27475200,58,59,0,2,PO4,1.29157249,2.525024217,0.02941176471
27993600,13,14,0,2,PO4,0.7749434937,2.525024217,0.04166666667
27993600,79,80,0,2,PO4,1.533742331,2.525024217,0.04347826087
28684800,58,59,0,2,PO4,0.6457862448,2.525024217,0.02941176471
28771200,23,24,0,2,PO4,1.614465612,2.525024217,0.0652173913
28771200,36,37,0,2,PO4,1.614465612,2.525024217,0.08571428571
29289600,1,2,0,2,PO4,0.3551824346,2.525024217,0.08333333333
29289600,13,14,0,2,PO4,0.6457862448,2.525024217,0.04166666667
29289600,36,37,0,2,PO4,3.680981595,2.525024217,0.08571428571
29289600,45,46,0,2,PO4,3.099773975,2.525024217,0.125
29289600,58,59,0,2,PO4,2.001937359,2.525024217,0.02941176471
29289600,79,80,0,2,PO4,1.969648046,2.525024217,0.04347826087
29894400,58,59,0,2,PO4,0.3228931224,2.525024217,0.02941176471
29980800,23,24,0,2,PO4,1.29157249,2.525024217,0.0652173913
29980800,36,37,0,2,PO4,1.29157249,2.525024217,0.08571428571
30499200,13,14,0,2,PO4,0.3874717469,2.525024217,0.04166666667
30499200,79,80,0,2,PO4,0.548918308,2.525024217,0.04347826087
648000,13,14,0,2,SPM,0.5635,0.229525,0.0119047619
648000,79,80,0,2,SPM,0.043,0.229525,0.0119047619
864000,23,24,0,2,SPM,0.074,0.229525,0.0119047619
1065600,58,59,0,2,SPM,0.049333,0.229525,0.0119047619
1094400,36,37,0,2,SPM,0.135333,0.229525,0.0119047619
1209600,1,1,0,2,SPM,0.182,0.229525,0.0119047619
1209600,45,46,0,2,SPM,0.104,0.229525,0.0119047619
3628800,1,1,0,2,SPM,0.163,0.229525,0.0119047619
3628800,45,46,0,2,SPM,0.075,0.229525,0.0119047619
3715200,58,59,0,2,SPM,0.071,0.229525,0.0119047619
3758400,36,37,0,2,SPM,0.09575,0.229525,0.0119047619
3888000,23,24,0,2,SPM,0.0375,0.229525,0.0119047619
4233600,13,14,0,2,SPM,0.595,0.229525,0.0119047619
4233600,79,80,0,2,SPM,0.05225,0.229525,0.0119047619
6350400,23,24,0,2,SPM,0.0295,0.229525,0.0119047619
6825600,13,14,0,2,SPM,0.30325,0.229525,0.0119047619
6825600,79,80,0,2,SPM,0.068,0.229525,0.0119047619
6847200,36,37,0,2,SPM,0.05875,0.229525,0.0119047619
6847200,58,59,0,2,SPM,0.0525,0.229525,0.0119047619
7344000,1,1,0,2,SPM,0.31,0.229525,0.0119047619
7344000,45,46,0,2,SPM,0.0285,0.229525,0.0119047619
9244800,23,24,0,2,SPM,0.093,0.229525,0.0119047619
9417600,13,14,0,2,SPM,0.344,0.229525,0.0119047619
9417600,79,80,0,2,SPM,0.0425,0.229525,0.0119047619
9655200,36,37,0,2,SPM,0.057,0.229525,0.0119047619
9655200,58,59,0,2,SPM,0.052,0.229525,0.0119047619
10108800,1,1,0,2,SPM,0.349,0.229525,0.0119047619
10108800,45,46,0,2,SPM,0.0795,0.229525,0.0119047619
11577600,23,24,0,2,SPM,0.0915,0.229525,0.0119047619
12182400,13,14,0,2,SPM,0.206,0.229525,0.0119047619
12182400,36,37,0,2,SPM,0.06425,0.229525,0.0119047619
12182400,79,80,0,2,SPM,0.05025,0.229525,0.0119047619
12225600,58,59,0,2,SPM,0.05325,0.229525,0.0119047619
12787200,1,1,0,2,SPM,0.186,0.229525,0.0119047619
12787200,45,46,0,2,SPM,0.0365,0.229525,0.0119047619
13996800,23,24,0,2,SPM,0.045,0.229525,0.0119047619
14601600,13,14,0,2,SPM,0.161,0.229525,0.0119047619
14601600,36,37,0,2,SPM,0.047,0.229525,0.0119047619
14601600,79,80,0,2,SPM,0.042,0.229525,0.0119047619
14644800,58,59,0,2,SPM,0.05325,0.229525,0.0119047619
15206400,1,1,0,2,SPM,0.1865,0.229525,0.0119047619
15206400,45,46,0,2,SPM,0.0805,0.229525,0.0119047619
16588800,23,24,0,2,SPM,0.035,0.229525,0.0119047619
17107200,13,14,0,2,SPM,0.0855,0.229525,0.0119047619
17107200,58,59,0,2,SPM,0.05025,0.229525,0.0119047619
17107200,79,80,0,2,SPM,0.02,0.229525,0.0119047619
17150400,36,37,0,2,SPM,0.05475,0.229525,0.0119047619
17712000,1,1,0,2,SPM,0.245,0.229525,0.0119047619
17712000,45,46,0,2,SPM,0.041,0.229525,0.0119047619
19612800,23,24,0,2,SPM,0.055667,0.229525,0.0119047619
19699200,13,14,0,2,SPM,0.05875,0.229525,0.0119047619
19699200,79,80,0,2,SPM,0.0265,0.229525,0.0119047619
19889280,36,37,0,2,SPM,0.0606,0.229525,0.0119047619
19889280,58,59,0,2,SPM,0.0278,0.229525,0.0119047619
20304000,1,1,0,2,SPM,0.141,0.229525,0.0119047619
20304000,45,46,0,2,SPM,0.0495,0.229525,0.0119047619
22161600,13,14,0,2,SPM,0.2185,0.229525,0.0119047619
22161600,79,80,0,2,SPM,0.04275,0.229525,0.0119047619
22550400,23,24,0,2,SPM,0.12,0.229525,0.0119047619
22694400,58,59,0,2,SPM,0.046667,0.229525,0.0119047619
22723200,36,37,0,2,SPM,0.050667,0.229525,0.0119047619
22809600,1,1,0,2,SPM,0.1295,0.229525,0.0119047619
22809600,45,46,0,2,SPM,0.0505,0.229525,0.0119047619
24278400,1,1,0,2,SPM,0.132,0.229525,0.0119047619
24278400,45,46,0,2,SPM,0.0475,0.229525,0.0119047619
24343200,36,37,0,2,SPM,0.061,0.229525,0.0119047619
24364800,58,59,0,2,SPM,0.0495,0.229525,0.0119047619
24494400,23,24,0,2,SPM,0.08,0.229525,0.0119047619
24883200,13,14,0,2,SPM,0.083,0.229525,0.0119047619
24883200,79,80,0,2,SPM,0.01475,0.229525,0.0119047619
27129600,1,1,0,2,SPM,0.0695,0.229525,0.0119047619
27129600,45,46,0,2,SPM,0.0475,0.229525,0.0119047619
27336960,58,59,0,2,SPM,0.035,0.229525,0.0119047619
27354240,36,37,0,2,SPM,0.0372,0.229525,0.0119047619
27504000,23,24,0,2,SPM,0.031333,0.229525,0.0119047619
27561600,13,14,0,2,SPM,0.3075,0.229525,0.0119047619
27561600,79,80,0,2,SPM,0.037,0.229525,0.0119047619
29289600,1,1,0,2,SPM,0.1515,0.229525,0.0119047619
29289600,45,46,0,2,SPM,0.0485,0.229525,0.0119047619
29491200,58,59,0,2,SPM,0.028667,0.229525,0.0119047619
29520000,36,37,0,2,SPM,0.098667,0.229525,0.0119047619
29894400,13,14,0,2,SPM,0.23425,0.229525,0.0119047619
29894400,79,80,0,2,SPM,0.0215,0.229525,0.0119047619
29980800,23,24,0,2,SPM,0.089,0.229525,0.0119047619
777600,58,59,0,3,Chla_ugL,2.5,26.542,0.04347826087
864000,23,24,0,3,Chla_ugL,1,26.542,0.0652173913
864000,36,37,0,3,Chla_ugL,16.62,26.542,0.1304347826
3196800,58,59,0,3,Chla_ugL,1,26.542,0.04347826087
3283200,23,24,0,3,Chla_ugL,1.75,26.542,0.0652173913
3283200,36,37,0,3,Chla_ugL,110.69,26.542,0.1304347826
4406400,58,59,0,3,Chla_ugL,2.2,26.542,0.04347826087
4492800,23,24,0,3,Chla_ugL,2.49,26.542,0.0652173913
4492800,36,37,0,3,Chla_ugL,53.35,26.542,0.1304347826
5702400,23,24,0,3,Chla_ugL,2.3,26.542,0.0652173913
5702400,36,37,0,3,Chla_ugL,63.57,26.542,0.1304347826
5788800,58,59,0,3,Chla_ugL,7.5,26.542,0.04347826087
6912000,58,59,0,3,Chla_ugL,6,26.542,0.04347826087
6998400,23,24,0,3,Chla_ugL,2.99,26.542,0.0652173913
6998400,36,37,0,3,Chla_ugL,147.34,26.542,0.1304347826
8553600,23,24,0,3,Chla_ugL,1.87,26.542,0.0652173913
8553600,36,37,0,3,Chla_ugL,83.43,26.542,0.1304347826
8640000,58,59,0,3,Chla_ugL,17.5,26.542,0.04347826087
9763200,58,59,0,3,Chla_ugL,2.5,26.542,0.04347826087
9849600,36,37,0,3,Chla_ugL,74.29,26.542,0.1304347826
9936000,23,24,0,3,Chla_ugL,2.49,26.542,0.0652173913
10972800,23,24,0,3,Chla_ugL,2.99,26.542,0.0652173913
10972800,36,37,0,3,Chla_ugL,111.19,26.542,0.1304347826
11059200,58,59,0,3,Chla_ugL,2.7,26.542,0.04347826087
12182400,23,24,0,3,Chla_ugL,3.37,26.542,0.0652173913
12182400,36,37,0,3,Chla_ugL,13.96,26.542,0.1304347826
12268800,58,59,0,3,Chla_ugL,1.5,26.542,0.04347826087
13392000,23,24,0,3,Chla_ugL,1.5,26.542,0.0652173913
13392000,36,37,0,3,Chla_ugL,19.84,26.542,0.1304347826
13478400,58,59,0,3,Chla_ugL,1.1,26.542,0.04347826087
14601600,23,24,0,3,Chla_ugL,1.5,26.542,0.0652173913
14601600,36,37,0,3,Chla_ugL,6.65,26.542,0.1304347826
14688000,58,59,0,3,Chla_ugL,2.1,26.542,0.04347826087
15811200,58,59,0,3,Chla_ugL,0.5,26.542,0.04347826087
15897600,23,24,0,3,Chla_ugL,2.14,26.542,0.0652173913
15897600,36,37,0,3,Chla_ugL,2.49,26.542,0.1304347826
17193600,58,59,0,3,Chla_ugL,1.4,26.542,0.04347826087
17280000,23,24,0,3,Chla_ugL,0.5,26.542,0.0652173913
17280000,36,37,0,3,Chla_ugL,7.31,26.542,0.1304347826
18403200,58,59,0,3,Chla_ugL,0.2,26.542,0.04347826087
18489600,23,24,0,3,Chla_ugL,1.33,26.542,0.0652173913
18489600,36,37,0,3,Chla_ugL,4.32,26.542,0.1304347826
19612800,23,24,0,3,Chla_ugL,1,26.542,0.0652173913
19612800,36,37,0,3,Chla_ugL,7.98,26.542,0.1304347826
19612800,58,59,0,3,Chla_ugL,0,26.542,0.04347826087
20736000,23,24,0,3,Chla_ugL,1.5,26.542,0.0652173913
20736000,36,37,0,3,Chla_ugL,3.99,26.542,0.1304347826
20822400,58,59,0,3,Chla_ugL,0,26.542,0.04347826087
22464000,58,59,0,3,Chla_ugL,0,26.542,0.04347826087
22550400,23,24,0,3,Chla_ugL,1.5,26.542,0.0652173913
22550400,36,37,0,3,Chla_ugL,2.49,26.542,0.1304347826
23760000,36,37,0,3,Chla_ugL,3.74,26.542,0.1304347826
23760000,58,59,0,3,Chla_ugL,0,26.542,0.04347826087
23932800,23,24,0,3,Chla_ugL,1.53,26.542,0.0652173913
25056000,23,24,0,3,Chla_ugL,1.99,26.542,0.0652173913
25056000,36,37,0,3,Chla_ugL,1,26.542,0.1304347826
25142400,58,59,0,3,Chla_ugL,0,26.542,0.04347826087
26265600,58,59,0,3,Chla_ugL,0,26.542,0.04347826087
26352000,23,24,0,3,Chla_ugL,1.42,26.542,0.0652173913
26352000,36,37,0,3,Chla_ugL,2.49,26.542,0.1304347826
27388800,23,24,0,3,Chla_ugL,1.42,26.542,0.0652173913
27388800,36,37,0,3,Chla_ugL,1.78,26.542,0.1304347826
27475200,58,59,0,3,Chla_ugL,0.3,26.542,0.04347826087
28684800,58,59,0,3,Chla_ugL,0,26.542,0.04347826087
28771200,23,24,0,3,Chla_ugL,1.5,26.542,0.0652173913
28771200,36,37,0,3,Chla_ugL,4.49,26.542,0.1304347826
29894400,58,59,0,3,Chla_ugL,1,26.542,0.04347826087
29980800,23,24,0,3,Chla_ugL,1,26.542,0.0652173913
29980800,36,37,0,3,Chla_ugL,7.98,26.542,0.1304347826
86400,13,14,0,3,NH4,0.8208422555,76.23126338,0.04166666667
86400,79,80,0,3,NH4,6.709493219,76.23126338,0.04166666667
777600,58,59,0,3,NH4,28.55103498,76.23126338,0.02857142857
864000,23,24,0,3,NH4,10.70663812,76.23126338,0.0652173913
864000,36,37,0,3,NH4,27.12348323,76.23126338,0.08571428571
1209600,1,2,0,3,NH4,0,76.23126338,0.08333333333
1209600,13,14,0,3,NH4,0,76.23126338,0.04166666667
1209600,36,37,0,3,NH4,158.6366881,76.23126338,0.08571428571
1209600,45,46,0,3,NH4,31.12062812,76.23126338,0.125
1209600,58,59,0,3,NH4,6.245538901,76.23126338,0.02857142857
1209600,79,80,0,3,NH4,3.104925054,76.23126338,0.04166666667
3196800,58,59,0,3,NH4,12.13418986,76.23126338,0.02857142857
3283200,23,24,0,3,NH4,19.98572448,76.23126338,0.0652173913
3283200,36,37,0,3,NH4,29.26481085,76.23126338,0.08571428571
3628800,1,2,0,3,NH4,3.104925054,76.23126338,0.08333333333
3628800,13,14,0,3,NH4,14.73947181,76.23126338,0.04166666667
3628800,36,37,0,3,NH4,19.84296931,76.23126338,0.08571428571
3628800,45,46,0,3,NH4,22.09136331,76.23126338,0.125
3628800,58,59,0,3,NH4,16.73804425,76.23126338,0.02857142857
3628800,79,80,0,3,NH4,4.211277659,76.23126338,0.04166666667
4406400,58,59,0,3,NH4,11.42041399,76.23126338,0.02857142857
4492800,23,24,0,3,NH4,2.141327623,76.23126338,0.0652173913
4492800,36,37,0,3,NH4,11.42041399,76.23126338,0.08571428571
4838400,13,14,0,3,NH4,2.712348323,76.23126338,0.04166666667
4838400,79,80,0,3,NH4,6.852248394,76.23126338,0.04166666667
5702400,23,24,0,3,NH4,2.855103498,76.23126338,0.0652173913
5702400,36,37,0,3,NH4,6.423982869,76.23126338,0.08571428571
5788800,58,59,0,3,NH4,9.992862241,76.23126338,0.02857142857
6307200,13,14,0,3,NH4,0,76.23126338,0.04166666667
6307200,79,80,0,3,NH4,3.35474661,76.23126338,0.04166666667
6912000,58,59,0,3,NH4,35.68879372,76.23126338,0.02857142857
6998400,23,24,0,3,NH4,2.141327623,76.23126338,0.0652173913
6998400,36,37,0,3,NH4,2.855103498,76.23126338,0.08571428571
7344000,1,2,0,3,NH4,8.315488936,76.23126338,0.08333333333
7344000,13,14,0,3,NH4,3.211991435,76.23126338,0.04166666667
7344000,36,37,0,3,NH4,17.88008565,76.23126338,0.08571428571
7344000,45,46,0,3,NH4,16.4882227,76.23126338,0.125
7344000,58,59,0,3,NH4,12.77658815,76.23126338,0.02857142857
7344000,79,80,0,3,NH4,3.997144897,76.23126338,0.04166666667
8553600,23,24,0,3,NH4,1.427551749,76.23126338,0.0652173913
8553600,36,37,0,3,NH4,15.70306924,76.23126338,0.08571428571
8640000,58,59,0,3,NH4,5.710206995,76.23126338,0.02857142857
8726400,13,14,0,3,NH4,5.603140614,76.23126338,0.04166666667
8726400,79,80,0,3,NH4,10.49250535,76.23126338,0.04166666667
9763200,58,59,0,3,NH4,7.851534618,76.23126338,0.02857142857
9849600,36,37,0,3,NH4,23.55460385,76.23126338,0.08571428571
9936000,23,24,0,3,NH4,0,76.23126338,0.0652173913
10108800,1,2,0,3,NH4,5.317630264,76.23126338,0.08333333333
10108800,13,14,0,3,NH4,4.104211278,76.23126338,0.04166666667
10108800,36,37,0,3,NH4,14.13276231,76.23126338,0.08571428571
10108800,45,46,0,3,NH4,55.1034975,76.23126338,0.125
10108800,58,59,0,3,NH4,18.09421842,76.23126338,0.02857142857
10108800,79,80,0,3,NH4,2.819414704,76.23126338,0.04166666667
10972800,23,24,0,3,NH4,1.427551749,76.23126338,0.0652173913
10972800,36,37,0,3,NH4,24.26837973,76.23126338,0.08571428571
11059200,58,59,0,3,NH4,4.996431121,76.23126338,0.02857142857
11577600,13,14,0,3,NH4,4.675231977,76.23126338,0.04166666667
11577600,79,80,0,3,NH4,5.960028551,76.23126338,0.04166666667
12182400,23,24,0,3,NH4,3.568879372,76.23126338,0.0652173913
12182400,36,37,0,3,NH4,49.96431121,76.23126338,0.08571428571
12268800,58,59,0,3,NH4,14.98929336,76.23126338,0.02857142857
12787200,1,2,0,3,NH4,1.855817273,76.23126338,0.08333333333
12787200,13,14,0,3,NH4,2.069950036,76.23126338,0.04166666667
12787200,36,37,0,3,NH4,187.0092791,76.23126338,0.08571428571
12787200,45,46,0,3,NH4,159.8501071,76.23126338,0.125
12787200,58,59,0,3,NH4,46.75231977,76.23126338,0.02857142857
12787200,79,80,0,3,NH4,17.0592434,76.23126338,0.04166666667
13392000,23,24,0,3,NH4,3.568879372,76.23126338,0.0652173913
13392000,36,37,0,3,NH4,72.09136331,76.23126338,0.08571428571
13478400,58,59,0,3,NH4,14.98929336,76.23126338,0.02857142857
13996800,13,14,0,3,NH4,4.853675946,76.23126338,0.04166666667
13996800,79,80,0,3,NH4,8.815132049,76.23126338,0.04166666667
14601600,23,24,0,3,NH4,2.855103498,76.23126338,0.0652173913
14601600,36,37,0,3,NH4,44.96788009,76.23126338,0.08571428571
14688000,58,59,0,3,NH4,10.70663812,76.23126338,0.02857142857
15206400,1,2,0,3,NH4,0.7494646681,76.23126338,0.08333333333
15206400,13,14,0,3,NH4,1.070663812,76.23126338,0.04166666667
15206400,36,37,0,3,NH4,95.39614561,76.23126338,0.08571428571
15206400,45,46,0,3,NH4,61.42041399,76.23126338,0.125
15206400,58,59,0,3,NH4,25.83868665,76.23126338,0.02857142857
15206400,79,80,0,3,NH4,3.461812991,76.23126338,0.04166666667
15811200,58,59,0,3,NH4,16.41684511,76.23126338,0.02857142857
15897600,23,24,0,3,NH4,2.141327623,76.23126338,0.0652173913
15897600,36,37,0,3,NH4,37.11634547,76.23126338,0.08571428571
16502400,13,14,0,3,NH4,0.5353319058,76.23126338,0.04166666667
16502400,79,80,0,3,NH4,8.779443255,76.23126338,0.04166666667
17193600,58,59,0,3,NH4,19.27194861,76.23126338,0.02857142857
17280000,23,24,0,3,NH4,0,76.23126338,0.0652173913
17280000,36,37,0,3,NH4,65.66738044,76.23126338,0.08571428571
17712000,1,2,0,3,NH4,0,76.23126338,0.08333333333
17712000,13,14,0,3,NH4,0,76.23126338,0.04166666667
17712000,36,37,0,3,NH4,72.91220557,76.23126338,0.08571428571
17712000,45,46,0,3,NH4,198.9293362,76.23126338,0.125
17712000,58,59,0,3,NH4,74.08993576,76.23126338,0.02857142857
17712000,79,80,0,3,NH4,7.958600999,76.23126338,0.04166666667
18403200,58,59,0,3,NH4,10.70663812,76.23126338,0.02857142857
18489600,23,24,0,3,NH4,1.427551749,76.23126338,0.0652173913
18489600,36,37,0,3,NH4,44.96788009,76.23126338,0.08571428571
19094400,13,14,0,3,NH4,1.891506067,76.23126338,0.04166666667
19094400,79,80,0,3,NH4,6.887937188,76.23126338,0.04166666667
19612800,23,24,0,3,NH4,2.141327623,76.23126338,0.0652173913
19612800,36,37,0,3,NH4,69.95003569,76.23126338,0.08571428571
19612800,58,59,0,3,NH4,11.42041399,76.23126338,0.02857142857
20304000,1,2,0,3,NH4,0.9635974304,76.23126338,0.08333333333
20304000,13,14,0,3,NH4,0.2141327623,76.23126338,0.04166666667
20304000,36,37,0,3,NH4,135.5103498,76.23126338,0.08571428571
20304000,45,46,0,3,NH4,140.4710921,76.23126338,0.125
20304000,58,59,0,3,NH4,33.47608851,76.23126338,0.02857142857
20304000,79,80,0,3,NH4,5.28194147,76.23126338,0.04166666667
20736000,23,24,0,3,NH4,7.851534618,76.23126338,0.0652173913
20736000,36,37,0,3,NH4,49.25053533,76.23126338,0.08571428571
20822400,58,59,0,3,NH4,11.42041399,76.23126338,0.02857142857
21513600,13,14,0,3,NH4,1.391862955,76.23126338,0.04166666667
21513600,79,80,0,3,NH4,1.463240542,76.23126338,0.04166666667
22464000,58,59,0,3,NH4,17.13062099,76.23126338,0.02857142857
22550400,23,24,0,3,NH4,2.855103498,76.23126338,0.0652173913
22550400,36,37,0,3,NH4,52.10563883,76.23126338,0.08571428571
22809600,1,2,0,3,NH4,5.817273376,76.23126338,0.08333333333
22809600,13,14,0,3,NH4,8.493932905,76.23126338,0.04166666667
22809600,36,37,0,3,NH4,47.85867238,76.23126338,0.08571428571
22809600,45,46,0,3,NH4,83.5474661,76.23126338,0.125
22809600,58,59,0,3,NH4,29.01498929,76.23126338,0.02857142857
22809600,79,80,0,3,NH4,16.95217702,76.23126338,0.04166666667
23760000,36,37,0,3,NH4,64.95360457,76.23126338,0.08571428571
23760000,58,59,0,3,NH4,21.41327623,76.23126338,0.02857142857
23932800,23,24,0,3,NH4,6.423982869,76.23126338,0.0652173913
24278400,1,2,0,3,NH4,0.6780870807,76.23126338,0.08333333333
24278400,13,14,0,3,NH4,0.3568879372,76.23126338,0.04166666667
24278400,36,37,0,3,NH4,136.8308351,76.23126338,0.08571428571
24278400,45,46,0,3,NH4,129.9072091,76.23126338,0.125
24278400,58,59,0,3,NH4,47.57316203,76.23126338,0.02857142857
24278400,79,80,0,3,NH4,16.05995717,76.23126338,0.04166666667
25056000,23,24,0,3,NH4,3.568879372,76.23126338,0.0652173913
25056000,36,37,0,3,NH4,87.79443255,76.23126338,0.08571428571
25142400,58,59,0,3,NH4,21.41327623,76.23126338,0.02857142857
25488000,13,14,0,3,NH4,0.8565310493,76.23126338,0.04166666667
25488000,79,80,0,3,NH4,13.38329764,76.23126338,0.04166666667
26265600,58,59,0,3,NH4,18.55817273,76.23126338,0.02857142857
26352000,23,24,0,3,NH4,9.992862241,76.23126338,0.0652173913
26352000,36,37,0,3,NH4,92.07708779,76.23126338,0.08571428571
27129600,1,2,0,3,NH4,0,76.23126338,0.08333333333
27129600,13,14,0,3,NH4,1.177730193,76.23126338,0.04166666667
27129600,36,37,0,3,NH4,154.9607423,76.23126338,0.08571428571
27129600,45,46,0,3,NH4,148.6795146,76.23126338,0.125
27129600,58,59,0,3,NH4,46.0385439,76.23126338,0.02857142857
27129600,79,80,0,3,NH4,6.316916488,76.23126338,0.04166666667
27388800,23,24,0,3,NH4,7.851534618,76.23126338,0.0652173913
27388800,36,37,0,3,NH4,69.95003569,76.23126338,0.08571428571
27475200,58,59,0,3,NH4,18.55817273,76.23126338,0.02857142857
27993600,13,14,0,3,NH4,0.03568879372,76.23126338,0.04166666667
27993600,79,80,0,3,NH4,4.496788009,76.23126338,0.04166666667
28684800,58,59,0,3,NH4,17.13062099,76.23126338,0.02857142857
28771200,23,24,0,3,NH4,7.851534618,76.23126338,0.0652173913
28771200,36,37,0,3,NH4,49.25053533,76.23126338,0.08571428571
29289600,1,2,0,3,NH4,1.356174161,76.23126338,0.08333333333
29289600,13,14,0,3,NH4,0.03568879372,76.23126338,0.04166666667
29289600,36,37,0,3,NH4,207.6730906,76.23126338,0.08571428571
29289600,45,46,0,3,NH4,198.1084939,76.23126338,0.125
29289600,58,59,0,3,NH4,77.65881513,76.23126338,0.02857142857
29289600,79,80,0,3,NH4,8.279800143,76.23126338,0.04166666667
29894400,58,59,0,3,NH4,15.70306924,76.23126338,0.02857142857
29980800,23,24,0,3,NH4,6.423982869,76.23126338,0.0652173913
29980800,36,37,0,3,NH4,54.96074233,76.23126338,0.08571428571
30499200,13,14,0,3,NH4,1.53461813,76.23126338,0.04166666667
30499200,79,80,0,3,NH4,11.81299072,76.23126338,0.04166666667
777600,58,59,0,3,NO3,107.0663812,94.93219129,0.04347826087
864000,23,24,0,3,NO3,114.2041399,94.93219129,0.0652173913
864000,36,37,0,3,NO3,42.82655246,94.93219129,0.1304347826
3196800,58,59,0,3,NO3,47.82298358,94.93219129,0.04347826087
3283200,23,24,0,3,NO3,107.0663812,94.93219129,0.0652173913
3283200,36,37,0,3,NO3,99.92862241,94.93219129,0.1304347826
4406400,58,59,0,3,NO3,40.68522484,94.93219129,0.04347826087
4492800,23,24,0,3,NO3,49.96431121,94.93219129,0.0652173913
4492800,36,37,0,3,NO3,116.3454675,94.93219129,0.1304347826
5702400,23,24,0,3,NO3,69.23625981,94.93219129,0.0652173913
5702400,36,37,0,3,NO3,94.93219129,94.93219129,0.1304347826
5788800,58,59,0,3,NO3,28.55103498,94.93219129,0.04347826087
6912000,58,59,0,3,NO3,71.37758744,94.93219129,0.04347826087
6998400,23,24,0,3,NO3,94.93219129,94.93219129,0.0652173913
6998400,36,37,0,3,NO3,116.3454675,94.93219129,0.1304347826
8553600,23,24,0,3,NO3,71.37758744,94.93219129,0.0652173913
8553600,36,37,0,3,NO3,78.51534618,94.93219129,0.1304347826
8640000,58,59,0,3,NO3,28.55103498,94.93219129,0.04347826087
9763200,58,59,0,3,NO3,49.96431121,94.93219129,0.04347826087
9849600,36,37,0,3,NO3,9.279086367,94.93219129,0.1304347826
9936000,23,24,0,3,NO3,42.82655246,94.93219129,0.0652173913
10972800,23,24,0,3,NO3,28.55103498,94.93219129,0.0652173913
10972800,36,37,0,3,NO3,49.96431121,94.93219129,0.1304347826
11059200,58,59,0,3,NO3,28.55103498,94.93219129,0.04347826087
12182400,23,24,0,3,NO3,42.82655246,94.93219129,0.0652173913
12182400,36,37,0,3,NO3,35.68879372,94.93219129,0.1304347826
12268800,58,59,0,3,NO3,21.41327623,94.93219129,0.04347826087
13392000,23,24,0,3,NO3,49.96431121,94.93219129,0.0652173913
13392000,36,37,0,3,NO3,21.41327623,94.93219129,0.1304347826
13478400,58,59,0,3,NO3,21.41327623,94.93219129,0.04347826087
14601600,23,24,0,3,NO3,49.96431121,94.93219129,0.0652173913
14601600,36,37,0,3,NO3,28.55103498,94.93219129,0.1304347826
14688000,58,59,0,3,NO3,14.27551749,94.93219129,0.04347826087
15811200,58,59,0,3,NO3,21.41327623,94.93219129,0.04347826087
15897600,23,24,0,3,NO3,28.55103498,94.93219129,0.0652173913
15897600,36,37,0,3,NO3,35.68879372,94.93219129,0.1304347826
17193600,58,59,0,3,NO3,42.82655246,94.93219129,0.04347826087
17280000,23,24,0,3,NO3,35.68879372,94.93219129,0.0652173913
17280000,36,37,0,3,NO3,35.68879372,94.93219129,0.1304347826
18403200,58,59,0,3,NO3,35.68879372,94.93219129,0.04347826087
18489600,23,24,0,3,NO3,42.82655246,94.93219129,0.0652173913
18489600,36,37,0,3,NO3,49.96431121,94.93219129,0.1304347826
19612800,23,24,0,3,NO3,49.96431121,94.93219129,0.0652173913
19612800,36,37,0,3,NO3,28.55103498,94.93219129,0.1304347826
19612800,58,59,0,3,NO3,28.55103498,94.93219129,0.04347826087
20736000,23,24,0,3,NO3,57.10206995,94.93219129,0.0652173913
20736000,36,37,0,3,NO3,35.68879372,94.93219129,0.1304347826
20822400,58,59,0,3,NO3,21.41327623,94.93219129,0.04347826087
22464000,58,59,0,3,NO3,85.65310493,94.93219129,0.04347826087
22550400,23,24,0,3,NO3,64.23982869,94.93219129,0.0652173913
22550400,36,37,0,3,NO3,21.41327623,94.93219129,0.1304347826
23760000,36,37,0,3,NO3,14.27551749,94.93219129,0.1304347826
23760000,58,59,0,3,NO3,21.41327623,94.93219129,0.04347826087
23932800,23,24,0,3,NO3,57.10206995,94.93219129,0.0652173913
25056000,23,24,0,3,NO3,42.82655246,94.93219129,0.0652173913
25056000,36,37,0,3,NO3,28.55103498,94.93219129,0.1304347826
25142400,58,59,0,3,NO3,49.96431121,94.93219129,0.04347826087
26265600,58,59,0,3,NO3,42.82655246,94.93219129,0.04347826087
26352000,23,24,0,3,NO3,42.82655246,94.93219129,0.0652173913
26352000,36,37,0,3,NO3,28.55103498,94.93219129,0.1304347826
27388800,23,24,0,3,NO3,42.82655246,94.93219129,0.0652173913
27388800,36,37,0,3,NO3,21.41327623,94.93219129,0.1304347826
27475200,58,59,0,3,NO3,35.68879372,94.93219129,0.04347826087
28684800,58,59,0,3,NO3,35.68879372,94.93219129,0.04347826087
28771200,23,24,0,3,NO3,64.23982869,94.93219129,0.0652173913
28771200,36,37,0,3,NO3,28.55103498,94.93219129,0.1304347826
29894400,58,59,0,3,NO3,42.82655246,94.93219129,0.04347826087
29980800,23,24,0,3,NO3,42.82655246,94.93219129,0.0652173913
29980800,36,37,0,3,NO3,28.55103498,94.93219129,0.1304347826
86400,13,14,0,3,O2,134.53125,169.296875,0.0625
86400,79,80,0,3,O2,142.8125,169.296875,0.0652173913
777600,58,59,0,3,O2,106.875,169.296875,0.0652173913
864000,23,24,0,3,O2,94.375,169.296875,0.09782608696
864000,36,37,0,3,O2,52.8125,169.296875,0.2045454545
1209600,1,2,0,3,O2,140.78125,169.296875,0.1363636364
1209600,13,14,0,3,O2,132.65625,169.296875,0.0625
1209600,79,80,0,3,O2,127.1875,169.296875,0.0652173913
3196800,58,59,0,3,O2,65.3125,169.296875,0.0652173913
3283200,23,24,0,3,O2,90,169.296875,0.09782608696
3283200,36,37,0,3,O2,45,169.296875,0.2045454545
3628800,13,14,0,3,O2,194.21875,169.296875,0.0625
4406400,58,59,0,3,O2,55.3125,169.296875,0.0652173913
4492800,23,24,0,3,O2,131.5625,169.296875,0.09782608696
4492800,36,37,0,3,O2,44.6875,169.296875,0.2045454545
4838400,13,14,0,3,O2,159.0625,169.296875,0.0625
4838400,79,80,0,3,O2,139.21875,169.296875,0.0652173913
5702400,23,24,0,3,O2,118.75,169.296875,0.09782608696
5702400,36,37,0,3,O2,64.0625,169.296875,0.2045454545
5788800,58,59,0,3,O2,56.5625,169.296875,0.0652173913
6307200,13,14,0,3,O2,133.125,169.296875,0.0625
6307200,79,80,0,3,O2,156.5625,169.296875,0.0652173913
6912000,58,59,0,3,O2,44.0625,169.296875,0.0652173913
6998400,23,24,0,3,O2,146.875,169.296875,0.09782608696
6998400,36,37,0,3,O2,106.875,169.296875,0.2045454545
7344000,1,2,0,3,O2,194.84375,169.296875,0.1363636364
7344000,13,14,0,3,O2,206.40625,169.296875,0.0625
7344000,79,80,0,3,O2,196.40625,169.296875,0.0652173913
8553600,23,24,0,3,O2,124.0625,169.296875,0.09782608696
8553600,36,37,0,3,O2,34.375,169.296875,0.2045454545
8640000,58,59,0,3,O2,43.125,169.296875,0.0652173913
8726400,13,14,0,3,O2,151.5625,169.296875,0.0625
8726400,79,80,0,3,O2,154.375,169.296875,0.0652173913
9763200,58,59,0,3,O2,43.75,169.296875,0.0652173913
9849600,36,37,0,3,O2,42.8125,169.296875,0.2045454545
9936000,23,24,0,3,O2,122.1875,169.296875,0.09782608696
10108800,1,2,0,3,O2,214.84375,169.296875,0.1363636364
10108800,13,14,0,3,O2,163.125,169.296875,0.0625
10108800,79,80,0,3,O2,168.90625,169.296875,0.0652173913
10972800,23,24,0,3,O2,99.375,169.296875,0.09782608696
10972800,36,37,0,3,O2,54.6875,169.296875,0.2045454545
11059200,58,59,0,3,O2,52.8125,169.296875,0.0652173913
11577600,13,14,0,3,O2,181.5625,169.296875,0.0625
11577600,79,80,0,3,O2,113.59375,169.296875,0.0652173913
12182400,23,24,0,3,O2,81.875,169.296875,0.09782608696
12182400,36,37,0,3,O2,77.1875,169.296875,0.2045454545
12268800,58,59,0,3,O2,55.625,169.296875,0.0652173913
12787200,1,2,0,3,O2,163.59375,169.296875,0.1363636364
12787200,13,14,0,3,O2,125,169.296875,0.0625
12787200,79,80,0,3,O2,157.65625,169.296875,0.0652173913
13392000,23,24,0,3,O2,102.1875,169.296875,0.09782608696
13392000,36,37,0,3,O2,40.9375,169.296875,0.2045454545
13478400,58,59,0,3,O2,60.3125,169.296875,0.0652173913
13996800,13,14,0,3,O2,200.78125,169.296875,0.0625
13996800,79,80,0,3,O2,164.6875,169.296875,0.0652173913
14601600,23,24,0,3,O2,87.5,169.296875,0.09782608696
14601600,36,37,0,3,O2,40.3125,169.296875,0.2045454545
14688000,58,59,0,3,O2,115.3125,169.296875,0.0652173913
15206400,1,2,0,3,O2,182.65625,169.296875,0.1363636364
15206400,13,14,0,3,O2,141.09375,169.296875,0.0625
15206400,79,80,0,3,O2,171.71875,169.296875,0.0652173913
15811200,58,59,0,3,O2,86.5625,169.296875,0.0652173913
15897600,23,24,0,3,O2,103.75,169.296875,0.09782608696
15897600,36,37,0,3,O2,39.375,169.296875,0.2045454545
16502400,13,14,0,3,O2,159.53125,169.296875,0.0625
16502400,79,80,0,3,O2,137.03125,169.296875,0.0652173913
17193600,58,59,0,3,O2,83.4375,169.296875,0.0652173913
17280000,23,24,0,3,O2,131.25,169.296875,0.09782608696
17280000,36,37,0,3,O2,68.125,169.296875,0.2045454545
17712000,1,2,0,3,O2,161.09375,169.296875,0.1363636364
17712000,13,14,0,3,O2,134.6875,169.296875,0.0625
17712000,79,80,0,3,O2,169.6875,169.296875,0.0652173913
18403200,58,59,0,3,O2,100.625,169.296875,0.0652173913
18489600,23,24,0,3,O2,153.4375,169.296875,0.09782608696
18489600,36,37,0,3,O2,41.5625,169.296875,0.2045454545
19094400,13,14,0,3,O2,110,169.296875,0.0625
19094400,79,80,0,3,O2,171.09375,169.296875,0.0652173913
19612800,23,24,0,3,O2,115.9375,169.296875,0.09782608696
19612800,36,37,0,3,O2,68.4375,169.296875,0.2045454545
19612800,58,59,0,3,O2,116.25,169.296875,0.0652173913
20304000,1,2,0,3,O2,168.59375,169.296875,0.1363636364
20304000,13,14,0,3,O2,102.5,169.296875,0.0625
20304000,79,80,0,3,O2,142.1875,169.296875,0.0652173913
20736000,23,24,0,3,O2,101.5625,169.296875,0.09782608696
20822400,58,59,0,3,O2,109.375,169.296875,0.0652173913
21513600,13,14,0,3,O2,122.5,169.296875,0.0625
21513600,79,80,0,3,O2,159.53125,169.296875,0.0652173913
22464000,58,59,0,3,O2,101.875,169.296875,0.0652173913
22550400,23,24,0,3,O2,81.25,169.296875,0.09782608696
22550400,36,37,0,3,O2,66.875,169.296875,0.2045454545
22809600,1,2,0,3,O2,167.1875,169.296875,0.1363636364
22809600,13,14,0,3,O2,133.125,169.296875,0.0625
22809600,79,80,0,3,O2,141.5625,169.296875,0.0652173913
23760000,36,37,0,3,O2,70.9375,169.296875,0.2045454545
23760000,58,59,0,3,O2,106.875,169.296875,0.0652173913
23932800,23,24,0,3,O2,107.1875,169.296875,0.09782608696
24278400,1,2,0,3,O2,132.65625,169.296875,0.1363636364
24278400,13,14,0,3,O2,174.6875,169.296875,0.0625
24278400,79,80,0,3,O2,159.6875,169.296875,0.0652173913
25056000,23,24,0,3,O2,136.25,169.296875,0.09782608696
25056000,36,37,0,3,O2,32.8125,169.296875,0.2045454545
25142400,58,59,0,3,O2,59.375,169.296875,0.0652173913
25488000,13,14,0,3,O2,139.21875,169.296875,0.0625
25488000,79,80,0,3,O2,152.8125,169.296875,0.0652173913
26265600,58,59,0,3,O2,101.25,169.296875,0.0652173913
26352000,23,24,0,3,O2,144.6875,169.296875,0.09782608696
26352000,36,37,0,3,O2,36.5625,169.296875,0.2045454545
27129600,1,2,0,3,O2,146.5625,169.296875,0.1363636364
27129600,13,14,0,3,O2,161.09375,169.296875,0.0625
27129600,79,80,0,3,O2,136.09375,169.296875,0.0652173913
27388800,23,24,0,3,O2,79.0625,169.296875,0.09782608696
27388800,36,37,0,3,O2,49.0625,169.296875,0.2045454545
27475200,58,59,0,3,O2,65.3125,169.296875,0.0652173913
27993600,13,14,0,3,O2,172.1875,169.296875,0.0625
27993600,79,80,0,3,O2,123.125,169.296875,0.0652173913
28684800,58,59,0,3,O2,112.5,169.296875,0.0652173913
28771200,23,24,0,3,O2,111.25,169.296875,0.09782608696
28771200,36,37,0,3,O2,32.5,169.296875,0.2045454545
29289600,1,2,0,3,O2,164.84375,169.296875,0.1363636364
29289600,13,14,0,3,O2,130.15625,169.296875,0.0625
29289600,79,80,0,3,O2,167.03125,169.296875,0.0652173913
29894400,58,59,0,3,O2,45,169.296875,0.0652173913
29980800,23,24,0,3,O2,58.75,169.296875,0.09782608696
29980800,36,37,0,3,O2,43.4375,169.296875,0.2045454545
30499200,13,14,0,3,O2,111.09375,169.296875,0.0625
30499200,79,80,0,3,O2,121.71875,169.296875,0.0652173913
777600,58,59,0,3,Si,16.73193307,68.70772517,0.02173913043
864000,23,24,0,3,Si,63.01174795,68.70772517,0.03260869565
864000,36,37,0,3,Si,132.7874689,68.70772517,0.0652173913
3196800,58,59,0,3,Si,24.20790317,68.70772517,0.02173913043
3283200,23,24,0,3,Si,108.5795657,68.70772517,0.03260869565
3283200,36,37,0,3,Si,4.271982912,68.70772517,0.0652173913
4406400,58,59,0,3,Si,1.77999288,68.70772517,0.02173913043
4492800,23,24,0,3,Si,13.17194731,68.70772517,0.03260869565
4492800,36,37,0,3,Si,45.9238163,68.70772517,0.0652173913
5702400,23,24,0,3,Si,17.08793165,68.70772517,0.03260869565
5702400,36,37,0,3,Si,48.77180491,68.70772517,0.0652173913
5788800,58,59,0,3,Si,7.11997152,68.70772517,0.02173913043
6912000,58,59,0,3,Si,36.66785333,68.70772517,0.02173913043
6998400,23,24,0,3,Si,30.97187611,68.70772517,0.03260869565
6998400,36,37,0,3,Si,43.78782485,68.70772517,0.0652173913
8553600,23,24,0,3,Si,72.97970808,68.70772517,0.03260869565
8553600,36,37,0,3,Si,19.93592026,68.70772517,0.0652173913
8640000,58,59,0,3,Si,38.09184763,68.70772517,0.02173913043
9763200,58,59,0,3,Si,24.91990032,68.70772517,0.02173913043
9849600,36,37,0,3,Si,16.73193307,68.70772517,0.0652173913
9936000,23,24,0,3,Si,49.83980064,68.70772517,0.03260869565
10972800,23,24,0,3,Si,67.99572802,68.70772517,0.03260869565
10972800,36,37,0,3,Si,34.88786045,68.70772517,0.0652173913
11059200,58,59,0,3,Si,31.68387326,68.70772517,0.02173913043
12182400,23,24,0,3,Si,31.68387326,68.70772517,0.03260869565
12182400,36,37,0,3,Si,8.187967248,68.70772517,0.0652173913
12268800,58,59,0,3,Si,34.88786045,68.70772517,0.02173913043
13392000,23,24,0,3,Si,29.90388038,68.70772517,0.03260869565
13392000,36,37,0,3,Si,28.1238875,68.70772517,0.0652173913
13478400,58,59,0,3,Si,23.13990744,68.70772517,0.02173913043
14601600,23,24,0,3,Si,19.93592026,68.70772517,0.03260869565
14601600,36,37,0,3,Si,14.95194019,68.70772517,0.0652173913
14688000,58,59,0,3,Si,28.1238875,68.70772517,0.02173913043
15811200,58,59,0,3,Si,24.91990032,68.70772517,0.02173913043
15897600,23,24,0,3,Si,23.13990744,68.70772517,0.03260869565
15897600,36,37,0,3,Si,36.66785333,68.70772517,0.0652173913
17193600,58,59,0,3,Si,28.1238875,68.70772517,0.02173913043
17280000,23,24,0,3,Si,41.65183339,68.70772517,0.03260869565
17280000,36,37,0,3,Si,43.0758277,68.70772517,0.0652173913
18403200,58,59,0,3,Si,19.93592026,68.70772517,0.02173913043
18489600,23,24,0,3,Si,31.68387326,68.70772517,0.03260869565
18489600,36,37,0,3,Si,19.93592026,68.70772517,0.0652173913
19612800,23,24,0,3,Si,21.71591314,68.70772517,0.03260869565
19612800,36,37,0,3,Si,28.1238875,68.70772517,0.0652173913
19612800,58,59,0,3,Si,28.1238875,68.70772517,0.02173913043
20736000,23,24,0,3,Si,51.61979352,68.70772517,0.03260869565
20736000,36,37,0,3,Si,28.1238875,68.70772517,0.0652173913
20822400,58,59,0,3,Si,26.6998932,68.70772517,0.02173913043
22464000,58,59,0,3,Si,16.73193307,68.70772517,0.02173913043
22550400,23,24,0,3,Si,28.1238875,68.70772517,0.03260869565
22550400,36,37,0,3,Si,28.1238875,68.70772517,0.0652173913
23760000,36,37,0,3,Si,16.73193307,68.70772517,0.0652173913
23760000,58,59,0,3,Si,26.6998932,68.70772517,0.02173913043
23932800,23,24,0,3,Si,19.93592026,68.70772517,0.03260869565
25056000,23,24,0,3,Si,33.10786757,68.70772517,0.03260869565
25056000,36,37,0,3,Si,82.94766821,68.70772517,0.0652173913
25142400,58,59,0,3,Si,23.13990744,68.70772517,0.02173913043
26265600,58,59,0,3,Si,44.85582058,68.70772517,0.02173913043
26352000,23,24,0,3,Si,38.09184763,68.70772517,0.03260869565
26352000,36,37,0,3,Si,81.52367391,68.70772517,0.0652173913
27388800,23,24,0,3,Si,71.55571378,68.70772517,0.03260869565
27388800,36,37,0,3,Si,46.63581346,68.70772517,0.0652173913
27475200,58,59,0,3,Si,48.05980776,68.70772517,0.02173913043
28684800,58,59,0,3,Si,41.65183339,68.70772517,0.02173913043
28771200,23,24,0,3,Si,66.57173371,68.70772517,0.03260869565
28771200,36,37,0,3,Si,53.04378782,68.70772517,0.0652173913
29894400,58,59,0,3,Si,53.04378782,68.70772517,0.02173913043
29980800,23,24,0,3,Si,64.79174083,68.70772517,0.03260869565
29980800,36,37,0,3,Si,86.50765397,68.70772517,0.0652173913
86400,13,14,0,3,TOC,563.4471274,570.6910908,0.04166666667
86400,79,80,0,3,TOC,323.8967527,570.6910908,0.04166666667
777600,58,59,0,3,TOC,568.692756,570.6910908,0.02857142857
864000,23,24,0,3,TOC,290.591174,570.6910908,0.0652173913
864000,36,37,0,3,TOC,744.3796836,570.6910908,0.08571428571
1209600,1,2,0,3,TOC,304.662781,570.6910908,0.08333333333
1209600,13,14,0,3,TOC,274.3547044,570.6910908,0.04166666667
1209600,36,37,0,3,TOC,568.1099084,570.6910908,0.08571428571
1209600,58,59,0,3,TOC,311.0741049,570.6910908,0.02857142857
1209600,79,80,0,3,TOC,399.6669442,570.6910908,0.04166666667
3196800,58,59,0,3,TOC,492.9225645,570.6910908,0.02857142857
3283200,23,24,0,3,TOC,298.0849292,570.6910908,0.0652173913
3283200,36,37,0,3,TOC,1105.745212,570.6910908,0.08571428571
3628800,1,2,0,3,TOC,285.4288093,570.6910908,0.08333333333
3628800,13,14,0,3,TOC,287.1773522,570.6910908,0.04166666667
3628800,36,37,0,3,TOC,293.0058285,570.6910908,0.08571428571
3628800,58,59,0,3,TOC,265.61199,570.6910908,0.02857142857
3628800,79,80,0,3,TOC,289.5087427,570.6910908,0.04166666667
4406400,58,59,0,3,TOC,412.9891757,570.6910908,0.02857142857
4492800,23,24,0,3,TOC,264.7793505,570.6910908,0.0652173913
4492800,36,37,0,3,TOC,880.0999167,570.6910908,0.08571428571
4838400,13,14,0,3,TOC,279.0174854,570.6910908,0.04166666667
4838400,79,80,0,3,TOC,290.0915903,570.6910908,0.04166666667
5702400,23,24,0,3,TOC,257.2855953,570.6910908,0.0652173913
5702400,36,37,0,3,TOC,540.3830142,570.6910908,0.08571428571
5788800,58,59,0,3,TOC,502.9142381,570.6910908,0.02857142857
6307200,13,14,0,3,TOC,284.8459617,570.6910908,0.04166666667
6307200,79,80,0,3,TOC,287.1773522,570.6910908,0.04166666667
6912000,58,59,0,3,TOC,863.4471274,570.6910908,0.02857142857
6998400,23,24,0,3,TOC,252.2897585,570.6910908,0.0652173913
6998400,36,37,0,3,TOC,665.2789342,570.6910908,0.08571428571
7344000,1,2,0,3,TOC,304.662781,570.6910908,0.08333333333
7344000,13,14,0,3,TOC,288.9258951,570.6910908,0.04166666667
7344000,36,37,0,3,TOC,420.6494588,570.6910908,0.08571428571
7344000,58,59,0,3,TOC,367.6103247,570.6910908,0.02857142857
7344000,79,80,0,3,TOC,288.9258951,570.6910908,0.04166666667
8553600,23,24,0,3,TOC,343.8800999,570.6910908,0.0652173913
8553600,36,37,0,3,TOC,716.9025812,570.6910908,0.08571428571
8640000,58,59,0,3,TOC,611.1573689,570.6910908,0.02857142857
8726400,13,14,0,3,TOC,307.5770192,570.6910908,0.04166666667
8726400,79,80,0,3,TOC,293.5886761,570.6910908,0.04166666667
9763200,58,59,0,3,TOC,411.3238968,570.6910908,0.02857142857
9849600,36,37,0,3,TOC,624.4796003,570.6910908,0.08571428571
9936000,23,24,0,3,TOC,379.683597,570.6910908,0.0652173913
10108800,1,2,0,3,TOC,304.0799334,570.6910908,0.08333333333
10108800,13,14,0,3,TOC,322.1482098,570.6910908,0.04166666667
10108800,36,37,0,3,TOC,323.8967527,570.6910908,0.08571428571
10108800,58,59,0,3,TOC,496.4196503,570.6910908,0.02857142857
10108800,79,80,0,3,TOC,293.5886761,570.6910908,0.04166666667
10972800,23,24,0,3,TOC,404.662781,570.6910908,0.0652173913
10972800,36,37,0,3,TOC,772.6894255,570.6910908,0.08571428571
11059200,58,59,0,3,TOC,807.6602831,570.6910908,0.02857142857
11577600,13,14,0,3,TOC,319.2339717,570.6910908,0.04166666667
11577600,79,80,0,3,TOC,317.4854288,570.6910908,0.04166666667
12182400,23,24,0,3,TOC,270.6078268,570.6910908,0.0652173913
12182400,36,37,0,3,TOC,547.0441299,570.6910908,0.08571428571
12268800,58,59,0,3,TOC,377.1856786,570.6910908,0.02857142857
12787200,1,2,0,3,TOC,340.2164863,570.6910908,0.08333333333
12787200,13,14,0,3,TOC,303.4970858,570.6910908,0.04166666667
12787200,36,37,0,3,TOC,625.2289759,570.6910908,0.08571428571
12787200,58,59,0,3,TOC,300,570.6910908,0.02857142857
12787200,79,80,0,3,TOC,290.674438,570.6910908,0.04166666667
13392000,23,24,0,3,TOC,277.2689425,570.6910908,0.0652173913
13392000,36,37,0,3,TOC,757.7019151,570.6910908,0.08571428571
13478400,58,59,0,3,TOC,423.8134888,570.6910908,0.02857142857
13996800,13,14,0,3,TOC,318.0682764,570.6910908,0.04166666667
13996800,79,80,0,3,TOC,325.062448,570.6910908,0.04166666667
14601600,23,24,0,3,TOC,265.61199,570.6910908,0.0652173913
14601600,36,37,0,3,TOC,478.7676936,570.6910908,0.08571428571
14688000,58,59,0,3,TOC,312.2398002,570.6910908,0.02857142857
15206400,1,2,0,3,TOC,342.5478768,570.6910908,0.08333333333
15206400,13,14,0,3,TOC,343.1307244,570.6910908,0.04166666667
15206400,36,37,0,3,TOC,341.3821815,570.6910908,0.08571428571
15206400,58,59,0,3,TOC,509.8251457,570.6910908,0.02857142857
15206400,79,80,0,3,TOC,309.9084097,570.6910908,0.04166666667
15811200,58,59,0,3,TOC,398.8343047,570.6910908,0.02857142857
15897600,23,24,0,3,TOC,290.591174,570.6910908,0.0652173913
15897600,36,37,0,3,TOC,465.4454621,570.6910908,0.08571428571
16502400,13,14,0,3,TOC,315.1540383,570.6910908,0.04166666667
16502400,79,80,0,3,TOC,306.4113239,570.6910908,0.04166666667
17193600,58,59,0,3,TOC,422.1482098,570.6910908,0.02857142857
17280000,23,24,0,3,TOC,237.3022481,570.6910908,0.0652173913
17280000,36,37,0,3,TOC,375.5203997,570.6910908,0.08571428571
17712000,1,2,0,3,TOC,329.725229,570.6910908,0.08333333333
17712000,13,14,0,3,TOC,336.7194005,570.6910908,0.04166666667
17712000,36,37,0,3,TOC,531.9733555,570.6910908,0.08571428571
17712000,58,59,0,3,TOC,396.1698585,570.6910908,0.02857142857
17712000,79,80,0,3,TOC,350.1248959,570.6910908,0.04166666667
18403200,58,59,0,3,TOC,335.5537052,570.6910908,0.02857142857
18489600,23,24,0,3,TOC,277.2689425,570.6910908,0.0652173913
18489600,36,37,0,3,TOC,427.1440466,570.6910908,0.08571428571
19094400,13,14,0,3,TOC,317.4854288,570.6910908,0.04166666667
19094400,79,80,0,3,TOC,310.4912573,570.6910908,0.04166666667
19612800,23,24,0,3,TOC,346.3780183,570.6910908,0.0652173913
19612800,36,37,0,3,TOC,744.3796836,570.6910908,0.08571428571
19612800,58,59,0,3,TOC,330.5578684,570.6910908,0.02857142857
20304000,1,2,0,3,TOC,308.7427144,570.6910908,0.08333333333
20304000,13,14,0,3,TOC,336.7194005,570.6910908,0.04166666667
20304000,36,37,0,3,TOC,495.8368027,570.6910908,0.08571428571
20304000,58,59,0,3,TOC,322.7310575,570.6910908,0.02857142857
20304000,79,80,0,3,TOC,333.2223147,570.6910908,0.04166666667
20736000,23,24,0,3,TOC,303.9134055,570.6910908,0.0652173913
20736000,36,37,0,3,TOC,568.692756,570.6910908,0.08571428571
20822400,58,59,0,3,TOC,338.0516236,570.6910908,0.02857142857
21513600,13,14,0,3,TOC,358.2847627,570.6910908,0.04166666667
21513600,79,80,0,3,TOC,311.6569525,570.6910908,0.04166666667
22464000,58,59,0,3,TOC,371.3572023,570.6910908,0.02857142857
22550400,23,24,0,3,TOC,565.3621982,570.6910908,0.0652173913
22550400,36,37,0,3,TOC,433.8051624,570.6910908,0.08571428571
22809600,1,2,0,3,TOC,334.9708576,570.6910908,0.08333333333
22809600,13,14,0,3,TOC,482.4313072,570.6910908,0.04166666667
22809600,36,37,0,3,TOC,325.6452956,570.6910908,0.08571428571
22809600,58,59,0,3,TOC,320.9825146,570.6910908,0.02857142857
22809600,79,80,0,3,TOC,336.7194005,570.6910908,0.04166666667
23760000,36,37,0,3,TOC,468.77602,570.6910908,0.08571428571
23760000,58,59,0,3,TOC,408.8259784,570.6910908,0.02857142857
23932800,23,24,0,3,TOC,338.0516236,570.6910908,0.0652173913
24278400,1,2,0,3,TOC,318.0682764,570.6910908,0.08333333333
24278400,13,14,0,3,TOC,370.5245629,570.6910908,0.04166666667
24278400,36,37,0,3,TOC,643.2972523,570.6910908,0.08571428571
24278400,58,59,0,3,TOC,326.2281432,570.6910908,0.02857142857
24278400,79,80,0,3,TOC,320.3996669,570.6910908,0.04166666667
25056000,23,24,0,3,TOC,310.5745212,570.6910908,0.0652173913
25056000,36,37,0,3,TOC,571.1906744,570.6910908,0.08571428571
25142400,58,59,0,3,TOC,395.5037469,570.6910908,0.02857142857
25488000,13,14,0,3,TOC,327.9766861,570.6910908,0.04166666667
25488000,79,80,0,3,TOC,345.4621149,570.6910908,0.04166666667
26265600,58,59,0,3,TOC,308.9092423,570.6910908,0.02857142857
26352000,23,24,0,3,TOC,203.16403,570.6910908,0.0652173913
26352000,36,37,0,3,TOC,427.1440466,570.6910908,0.08571428571
27129600,1,2,0,3,TOC,315.7368859,570.6910908,0.08333333333
27129600,13,14,0,3,TOC,410.7410491,570.6910908,0.04166666667
27129600,36,37,0,3,TOC,388.0099917,570.6910908,0.08571428571
27129600,58,59,0,3,TOC,333.2223147,570.6910908,0.02857142857
27129600,79,80,0,3,TOC,333.2223147,570.6910908,0.04166666667
27388800,23,24,0,3,TOC,238.9675271,570.6910908,0.0652173913
27388800,36,37,0,3,TOC,436.3030808,570.6910908,0.08571428571
27475200,58,59,0,3,TOC,362.1981682,570.6910908,0.02857142857
27993600,13,14,0,3,TOC,337.3022481,570.6910908,0.04166666667
27993600,79,80,0,3,TOC,337.3022481,570.6910908,0.04166666667
28684800,58,59,0,3,TOC,291.4238135,570.6910908,0.02857142857
28771200,23,24,0,3,TOC,334.7210658,570.6910908,0.0652173913
28771200,36,37,0,3,TOC,295.5870108,570.6910908,0.08571428571
29289600,1,2,0,3,TOC,336.7194005,570.6910908,0.08333333333
29289600,13,14,0,3,TOC,357.7019151,570.6910908,0.04166666667
29289600,36,37,0,3,TOC,414.2381349,570.6910908,0.08571428571
29289600,58,59,0,3,TOC,341.9650291,570.6910908,0.02857142857
29289600,79,80,0,3,TOC,324.4796003,570.6910908,0.04166666667
29894400,58,59,0,3,TOC,325.5620316,570.6910908,0.02857142857
29980800,23,24,0,3,TOC,324.7293922,570.6910908,0.0652173913
29980800,36,37,0,3,TOC,691.9233972,570.6910908,0.08571428571
30499200,13,14,0,3,TOC,300,570.6910908,0.04166666667
30499200,79,80,0,3,TOC,377.5187344,570.6910908,0.04166666667
9504000,3,4,0,4,pCO2,1245.4804,13792.40524,0.75
9504000,7,8,0.5,4,pCO2,1250.33599,13792.40524,0.75
9504000,12,13,0,4,pCO2,1697.18399,13792.40524,0.75
9504000,16,17,0,4,pCO2,1605.51206,13792.40524,0.75
9504000,21,22,0,4,pCO2,1741.5746,13792.40524,0.75
9504000,25,26,0.5,4,pCO2,3187.79955,13792.40524,0.75
9504000,27,28,0,4,pCO2,2473.06427,13792.40524,0.75
9504000,29,30,0,4,pCO2,3963.04538,13792.40524,0.75
9504000,30,31,0,4,pCO2,4193.64661,13792.40524,0.75
9504000,31,32,0,4,pCO2,4198.91374,13792.40524,0.75
9504000,32,33,0.5,4,pCO2,4714.57412,13792.40524,0.75
9504000,34,35,0.5,4,pCO2,5694.83363,13792.40524,0.75
9504000,35,36,0.5,4,pCO2,6516.5647,13792.40524,0.75
9504000,36,37,0,4,pCO2,5160.68414,13792.40524,0.75
9504000,37,38,0,4,pCO2,7347.83275,13792.40524,0.75
9504000,38,39,0.5,4,pCO2,7946.22613,13792.40524,0.75
9504000,45,46,0,4,pCO2,10548.31741,13792.40524,0.75
9504000,46,47,0.5,4,pCO2,11578.07954,13792.40524,0.75
9504000,49,50,0.5,4,pCO2,11589.04943,13792.40524,0.75
9504000,51,52,0,4,pCO2,12371.52924,13792.40524,0.75
9504000,54,55,0,4,pCO2,13764.62628,13792.40524,0.75
9504000,56,57,0,4,pCO2,13333.41419,13792.40524,0.75
9504000,57,58,0.5,4,pCO2,13820.1842,13792.40524,0.75
19008000,3,4,0,4,pCO2,2185.14355,13792.40524,0.75
19008000,7,8,0.5,4,pCO2,2854.45612,13792.40524,0.75
19008000,12,13,0,4,pCO2,5242.41738,13792.40524,0.75
19008000,16,17,0,4,pCO2,4709.31777,13792.40524,0.75
19008000,21,22,0,4,pCO2,5889.24246,13792.40524,0.75
19008000,25,26,0.5,4,pCO2,6619.34375,13792.40524,0.75
19008000,27,28,0,4,pCO2,6848.79825,13792.40524,0.75
19008000,29,30,0,4,pCO2,8008.1043,13792.40524,0.75
19008000,30,31,0,4,pCO2,7674.41939,13792.40524,0.75
19008000,31,32,0,4,pCO2,8587.93205,13792.40524,0.75
19008000,32,33,0.5,4,pCO2,7741.4411,13792.40524,0.75
19008000,34,35,0.5,4,pCO2,9613.8895,13792.40524,0.75
19008000,35,36,0.5,4,pCO2,11288.3949,13792.40524,0.75
19008000,36,37,0,4,pCO2,14771.38816,13792.40524,0.75
19008000,37,38,0,4,pCO2,13337.6726,13792.40524,0.75
19008000,38,39,0.5,4,pCO2,13934.30543,13792.40524,0.75
19008000,45,46,0,4,pCO2,12977.80722,13792.40524,0.75
19008000,46,47,0.5,4,pCO2,14561.14294,13792.40524,0.75
19008000,49,50,0.5,4,pCO2,12863.21349,13792.40524,0.75
19008000,51,52,0,4,pCO2,12659.61908,13792.40524,0.75
19008000,54,55,0,4,pCO2,13012.92474,13792.40524,0.75
19008000,56,57,0,4,pCO2,12903.97208,13792.40524,0.75
19008000,57,58,0.5,4,pCO2,14600.16287,13792.40524,0.75
