1,0.1222
2,0.1217
3,0.1212
4,0.1206
5,0.1194
6,0.1184
7,0.1178
8,0.1175
9,0.1173
10,0.1172
11,0.1175
12,0.1182
13,0.1191
14,0.1197
15,0.1199
16,0.1201
17,0.1204
18,0.1203
19,0.12
20,0.1193
21,0.1189
22,0.1188
23,0.1186
24,0.1186
25,0.1189
26,0.1191
27,0.1193
28,0.1191
29,0.1188
30,0.1183
31,0.1173
32,0.1158
33,0.1142
34,0.1129
35,0.1119
36,0.1109
37,0.1103
38,0.11
39,0.1101
40,0.1106
41,0.1109
42,0.1112
43,0.1114
44,0.1115
45,0.1117
46,0.1117
47,0.1115
48,0.1114
49,0.1114
50,0.1112
51,0.1108
52,0.1102
53,0.1099
54,0.1099
55,0.1102
56,0.1109
57,0.1119
58,0.1135
59,0.1156
60,0.1176
61,0.1193
62,0.1207
63,0.1218
64,0.1226
65,0.123
66,0.1232
67,0.1232
68,0.1232
69,0.1232
70,0.1232
71,0.1232
72,0.1232
73,0.1232
74,0.1232
75,0.1232
76,0.1232
77,0.1232
78,0.1232
79,0.1232
80,0.1232
81,0.1232
82,0.1232
83,0.1232
84,0.1232
85,0.1238
86,0.1252
87,0.1272
88,0.13
89,0.1333
90,0.1374
91,0.1422
92,0.1462
93,0.1496
94,0.1524
95,0.1544
96,0.1558
97,0.1564
98,0.1564
99,0.1564
100,0.1564
101,0.1564
102,0.1564
103,0.1564
104,0.1564
105,0.1564
106,0.1564
107,0.1564
108,0.1564
109,0.1564
110,0.1564
111,0.1564
112,0.1564
113,0.1564
114,0.1564
115,0.1568
116,0.1574
117,0.1584
118,0.1597
119,0.1613
120,0.1633
121,0.1655
122,0.1675
123,0.1691
124,0.1704
125,0.1714
126,0.172
127,0.1724
128,0.1724
129,0.1724
130,0.1724
131,0.1724
132,0.1724
133,0.1724
134,0.1724
135,0.1724
136,0.1724
137,0.1724
138,0.1724
139,0.1724
140,0.1724
141,0.1724
142,0.1724
143,0.1724
144,0.1724
145,0.1724
146,0.1719
147,0.171
148,0.1696
149,0.1678
150,0.1656
151,0.1628
152,0.1596
153,0.1569
154,0.1546
155,0.1528
156,0.1515
157,0.1505
158,0.1501
159,0.1501
160,0.1501
161,0.1501
162,0.1501
163,0.1501
164,0.1501
165,0.1501
166,0.1501
167,0.1501
168,0.1501
169,0.1501
170,0.1501
171,0.1501
172,0.1501
173,0.1501
174,0.1501
175,0.1501
176,0.1497
177,0.149
178,0.1479
179,0.1464
180,0.1445
181,0.1423
182,0.1397
183,0.1374
184,0.1356
185,0.1341
186,0.133
187,0.1322
188,0.1318
189,0.1318
190,0.1318
191,0.1318
192,0.1318
193,0.1318
194,0.1318
195,0.1318
196,0.1318
197,0.1318
198,0.1318
199,0.1318
200,0.1318
201,0.1318
202,0.1318
203,0.1318
204,0.1318
205,0.1318
206,0.1318
207,0.1316
208,0.1312
209,0.1304
210,0.1291
211,0.1277
212,0.1258
213,0.1237
214,0.1218
215,0.1201
216,0.119
217,0.1183
218,0.1177
219,0.1177
220,0.1177
221,0.1178
222,0.1176
223,0.1173
224,0.117
225,0.1171
226,0.1169
227,0.1167
228,0.1165
229,0.1168
230,0.1169
231,0.1172
232,0.1171
233,0.1171
234,0.1174
235,0.1179
236,0.1182
237,0.1186
238,0.1188
239,0.1192
240,0.1195
241,0.1194
242,0.1189
243,0.118
244,0.1169
245,0.1158
246,0.1146
247,0.1134
248,0.1124
249,0.1116
250,0.1112
251,0.1111
252,0.1108
253,0.1106
254,0.1107
255,0.1111
256,0.1113
257,0.1115
258,0.1116
259,0.1122
260,0.1127
261,0.113
262,0.1132
263,0.1134
264,0.1136
265,0.1137
266,0.1135
267,0.1132
268,0.1127
269,0.112
270,0.1114
271,0.1109
272,0.1104
273,0.11
274,0.1099
275,0.11
276,0.1101
277,0.1104
278,0.1105
279,0.1107
280,0.1108
281,0.1107
282,0.1103
283,0.1102
284,0.11
285,0.1096
286,0.1093
287,0.109
288,0.1088
289,0.1088
290,0.1088
291,0.1088
292,0.109
293,0.109
294,0.1092
295,0.1094
296,0.1095
297,0.1095
298,0.1096
299,0.1097
300,0.1099
301,0.1102
302,0.1106
303,0.1111
304,0.1114
305,0.1118
306,0.1123
307,0.1128
308,0.1133
309,0.1134
310,0.1135
311,0.1138
312,0.1141
313,0.1139
314,0.1138
315,0.1134
316,0.1134
317,0.1134
318,0.1133
319,0.113
320,0.113
321,0.1127
322,0.1129
323,0.1131
324,0.1129
325,0.1128
326,0.1132
327,0.1135
328,0.1139
329,0.1148
330,0.116
331,0.1183
332,0.1209
333,0.1238
334,0.1272
335,0.131
336,0.1343
337,0.1371
338,0.1391
339,0.1407
340,0.1417
341,0.1422
342,0.1422
343,0.1422
344,0.1422
345,0.1422
346,0.1422
347,0.1422
348,0.1422
349,0.1422
350,0.1422
351,0.1422
352,0.1422
353,0.1422
354,0.1422
355,0.1422
356,0.1422
357,0.1422
358,0.1422
359,0.1422
360,0.1418
361,0.141
362,0.1398
363,0.1381
364,0.1358
365,0.133
366,0.1298
367,0.1269
368,0.1242
369,0.1217
370,0.1199
371,0.1188
372,0.1185
373,0.1183
374,0.1184
375,0.1187
376,0.1192
377,0.1194
378,0.1193
379,0.1189
380,0.1187
381,0.1184
382,0.118
383,0.1176
384,0.1174
385,0.1173
386,0.1173
387,0.1173
388,0.1171
389,0.1169
390,0.1168
391,0.1167
392,0.1165
393,0.1161
394,0.1156
395,0.1152
396,0.1148
397,0.114
398,0.1133
399,0.1128
400,0.1124
401,0.1124
402,0.1122
403,0.112
404,0.112
405,0.1117
406,0.1113
407,0.1107
408,0.1099
409,0.1095
410,0.1091
411,0.1087
412,0.1086
413,0.1089
414,0.1094
415,0.1101
416,0.1106
417,0.1113
418,0.1122
419,0.113
420,0.1141
421,0.1152
422,0.1162
423,0.1174
424,0.1186
425,0.1199
426,0.121
427,0.1217
428,0.1223
429,0.1228
430,0.1231
431,0.1232
432,0.1232
433,0.1232
434,0.1232
435,0.1232
436,0.1232
437,0.1232
438,0.1232
439,0.1232
440,0.1232
441,0.1232
442,0.1232
443,0.1232
444,0.1232
445,0.1232
446,0.1232
447,0.1232
448,0.1232
449,0.1232
450,0.1238
451,0.1252
452,0.1272
453,0.13
454,0.1333
455,0.1374
456,0.1422
457,0.1462
458,0.1496
459,0.1524
460,0.1544
461,0.1558
462,0.1564
463,0.1564
464,0.1564
465,0.1564
466,0.1564
467,0.1564
468,0.1564
469,0.1564
470,0.1564
471,0.1564
472,0.1564
473,0.1564
474,0.1564
475,0.1564
476,0.1564
477,0.1564
478,0.1564
479,0.1564
480,0.1568
481,0.1574
482,0.1584
483,0.1597
484,0.1613
485,0.1633
486,0.1655
487,0.1675
488,0.1691
489,0.1704
490,0.1714
491,0.172
492,0.1724
493,0.1724
494,0.1724
495,0.1724
496,0.1724
497,0.1724
498,0.1724
499,0.1724
500,0.1724
501,0.1724
502,0.1724
503,0.1724
504,0.1724
505,0.1724
506,0.1724
507,0.1724
508,0.1724
509,0.1724
510,0.1724
511,0.1719
512,0.171
513,0.1696
514,0.1678
515,0.1656
516,0.1628
517,0.1596
518,0.1569
519,0.1546
520,0.1528
521,0.1515
522,0.1505
523,0.1501
524,0.1501
525,0.1501
526,0.1501
527,0.1501
528,0.1501
529,0.1501
530,0.1501
531,0.1501
532,0.1501
533,0.1501
534,0.1501
535,0.1501
536,0.1501
537,0.1501
538,0.1501
539,0.1501
540,0.1501
541,0.1497
542,0.149
543,0.1479
544,0.1464
545,0.1445
546,0.1423
547,0.1397
548,0.1374
549,0.1356
550,0.1341
551,0.133
552,0.1322
553,0.1318
554,0.1318
555,0.1318
556,0.1318
557,0.1318
558,0.1318
559,0.1318
560,0.1318
561,0.1318
562,0.1318
563,0.1318
564,0.1318
565,0.1318
566,0.1318
567,0.1318
568,0.1318
569,0.1318
570,0.1318
571,0.1318
572,0.1315
573,0.1307
574,0.1295
575,0.1282
576,0.1264
577,0.1245
578,0.1224
579,0.1209
580,0.1198
581,0.1192
582,0.1187
583,0.1186
584,0.1184
585,0.1184
586,0.1182
587,0.1179
588,0.1178
589,0.1175
590,0.1173
591,0.1175
592,0.1175
593,0.1174
594,0.1172
595,0.1166
596,0.1161
597,0.1158
598,0.1152
599,0.1149
600,0.1148
601,0.1151
602,0.1155
603,0.1159
604,0.1158
605,0.116
606,0.116
607,0.1158
608,0.1151
609,0.1143
610,0.1138
611,0.1135
612,0.1131
613,0.1125
614,0.1122
615,0.1125
616,0.1127
617,0.1128
618,0.113
619,0.1131
620,0.1135
621,0.1137
622,0.1134
623,0.1133
624,0.1132
625,0.113
626,0.1131
627,0.1132
628,0.1134
629,0.1139
630,0.1146
631,0.1149
632,0.115
633,0.1148
634,0.1143
635,0.1137
636,0.1128
637,0.1115
638,0.1105
639,0.1099
640,0.1095
641,0.1093
642,0.1093
643,0.1092
644,0.1094
645,0.1093
646,0.1089
647,0.1085
648,0.108
649,0.1076
650,0.1075
651,0.1076
652,0.108
653,0.1084
654,0.1088
655,0.1091
656,0.1095
657,0.1095
658,0.1093
659,0.109
660,0.1088
661,0.1085
662,0.1083
663,0.1082
664,0.1081
665,0.1081
666,0.1081
667,0.1082
668,0.1087
669,0.1092
670,0.1097
671,0.1106
672,0.1113
673,0.1123
674,0.1128
675,0.1133
676,0.114
677,0.1143
678,0.1144
679,0.1146
680,0.1144
681,0.1144
682,0.1141
683,0.1137
684,0.1132
685,0.1124
686,0.112
687,0.1117
688,0.1116
689,0.1118
690,0.1119
691,0.1124
692,0.1132
693,0.1136
694,0.1145
695,0.1157
696,0.1175
697,0.1199
698,0.1226
699,0.126
700,0.13
701,0.1335
702,0.1364
703,0.1387
704,0.1404
705,0.1417
706,0.1422
707,0.1422
708,0.1422
709,0.1422
710,0.1422
711,0.1422
712,0.1422
713,0.1422
714,0.1422
715,0.1422
716,0.1422
717,0.1422
718,0.1422
719,0.1422
720,0.1422
721,0.1422
722,0.1422
723,0.1422
724,0.1422
725,0.1418
726,0.1411
727,0.14
728,0.1386
729,0.1366
730,0.134
731,0.1309
732,0.1281
733,0.1254
734,0.1229
735,0.1206
736,0.1189
737,0.1178
738,0.1175
739,0.1173
740,0.1172
741,0.1175
742,0.1182
743,0.1191
744,0.1197
745,0.1199
746,0.1201
747,0.1204
748,0.1203
749,0.12
750,0.1193
751,0.1189
752,0.1188
753,0.1186
754,0.1186
755,0.1189
756,0.1191
757,0.1193
758,0.1191
759,0.1188
760,0.1183
761,0.1173
762,0.1158
763,0.1142
764,0.1129
765,0.1119
766,0.1109
767,0.1103
768,0.11
769,0.1101
770,0.1106
771,0.1109
772,0.1112
773,0.1114
774,0.1115
775,0.1117
776,0.1117
777,0.1115
778,0.1114
779,0.1114
780,0.1112
781,0.1108
782,0.1102
783,0.1099
784,0.1099
785,0.1102
786,0.1109
787,0.1119
788,0.1135
789,0.1156
790,0.1176
791,0.1193
792,0.1207
793,0.1218
794,0.1226
795,0.123
796,0.1232
797,0.1232
798,0.1232
799,0.1232
800,0.1232
801,0.1232
802,0.1232
803,0.1232
804,0.1232
805,0.1232
806,0.1232
807,0.1232
808,0.1232
809,0.1232
810,0.1232
811,0.1232
812,0.1232
813,0.1232
814,0.1232
815,0.1238
816,0.1252
817,0.1272
818,0.13
819,0.1333
820,0.1374
821,0.1422
822,0.1462
823,0.1496
824,0.1524
825,0.1544
826,0.1558
827,0.1564
828,0.1564
829,0.1564
830,0.1564
831,0.1564
832,0.1564
833,0.1564
834,0.1564
835,0.1564
836,0.1564
837,0.1564
838,0.1564
839,0.1564
840,0.1564
841,0.1564
842,0.1564
843,0.1564
844,0.1564
845,0.1568
846,0.1574
847,0.1584
848,0.1597
849,0.1613
850,0.1633
851,0.1655
852,0.1675
853,0.1691
854,0.1704
855,0.1714
856,0.172
857,0.1724
858,0.1724
859,0.1724
860,0.1724
861,0.1724
862,0.1724
863,0.1724
864,0.1724
865,0.1724
866,0.1724
867,0.1724
868,0.1724
869,0.1724
870,0.1724
871,0.1724
872,0.1724
873,0.1724
874,0.1724
875,0.1724
876,0.1719
877,0.171
878,0.1696
879,0.1678
880,0.1656
881,0.1628
882,0.1596
883,0.1569
884,0.1546
885,0.1528
886,0.1515
887,0.1505
888,0.1501
889,0.1501
890,0.1501
891,0.1501
892,0.1501
893,0.1501
894,0.1501
895,0.1501
896,0.1501
897,0.1501
898,0.1501
899,0.1501
900,0.1501
901,0.1501
902,0.1501
903,0.1501
904,0.1501
905,0.1501
906,0.1497
907,0.149
908,0.1479
909,0.1464
910,0.1445
911,0.1423
912,0.1397
913,0.1374
914,0.1356
915,0.1341
916,0.133
917,0.1322
918,0.1318
919,0.1318
920,0.1318
921,0.1318
922,0.1318
923,0.1318
924,0.1318
925,0.1318
926,0.1318
927,0.1318
928,0.1318
929,0.1318
930,0.1318
931,0.1318
932,0.1318
933,0.1318
934,0.1318
935,0.1318
936,0.1318
937,0.1316
938,0.1312
939,0.1304
940,0.1291
941,0.1277
942,0.1258
943,0.1237
944,0.1218
945,0.1201
946,0.119
947,0.1183
948,0.1177
949,0.1177
950,0.1177
951,0.1178
952,0.1176
953,0.1173
954,0.117
955,0.1171
956,0.1169
957,0.1167
958,0.1165
959,0.1168
960,0.1169
961,0.1172
962,0.1171
963,0.1171
964,0.1174
965,0.1179
966,0.1182
967,0.1186
968,0.1188
969,0.1192
970,0.1195
971,0.1194
972,0.1189
973,0.118
974,0.1169
975,0.1158
976,0.1146
977,0.1134
978,0.1124
979,0.1116
980,0.1112
981,0.1111
982,0.1108
983,0.1106
984,0.1107
985,0.1111
986,0.1113
987,0.1115
988,0.1116
989,0.1122
990,0.1127
991,0.113
992,0.1132
993,0.1134
994,0.1136
995,0.1137
996,0.1135
997,0.1132
998,0.1127
999,0.112
1000,0.1114
1001,0.1109
1002,0.1104
1003,0.11
1004,0.1099
1005,0.11
1006,0.1101
1007,0.1104
1008,0.1105
1009,0.1107
1010,0.1108
1011,0.1107
1012,0.1103
1013,0.1102
1014,0.11
1015,0.1096
1016,0.1093
1017,0.109
1018,0.1088
1019,0.1088
1020,0.1088
1021,0.1088
1022,0.109
1023,0.109
1024,0.1092
1025,0.1094
1026,0.1095
1027,0.1095
1028,0.1096
1029,0.1097
1030,0.1099
1031,0.1102
1032,0.1106
1033,0.1111
1034,0.1114
1035,0.1118
1036,0.1123
1037,0.1128
1038,0.1133
1039,0.1134
1040,0.1135
1041,0.1138
1042,0.1141
1043,0.1139
1044,0.1138
1045,0.1134
1046,0.1134
1047,0.1134
1048,0.1133
1049,0.113
1050,0.113
1051,0.1127
1052,0.1129
1053,0.1131
1054,0.1129
1055,0.1128
1056,0.1132
1057,0.1135
1058,0.1139
1059,0.1148
1060,0.116
1061,0.1183
1062,0.1209
1063,0.1238
1064,0.1272
1065,0.131
1066,0.1343
1067,0.1371
1068,0.1391
1069,0.1407
1070,0.1417
1071,0.1422
1072,0.1422
1073,0.1422
1074,0.1422
1075,0.1422
1076,0.1422
1077,0.1422
1078,0.1422
1079,0.1422
1080,0.1422
1081,0.1422
1082,0.1422
1083,0.1422
1084,0.1422
1085,0.1422
1086,0.1422
1087,0.1422
1088,0.1422
1089,0.1422
1090,0.1418
1091,0.141
1092,0.1398
1093,0.1381
1094,0.1358
1095,0.133
1096,0.1298
1097,0.1269
1098,0.1242
1099,0.1217
1100,0.1199
1101,0.1188
1102,0.1185
1103,0.1183
1104,0.1184
1105,0.1187
1106,0.1192
1107,0.1194
1108,0.1193
1109,0.1189
1110,0.1187
1111,0.1184
1112,0.118
1113,0.1176
1114,0.1174
1115,0.1173
1116,0.1173
1117,0.1173
1118,0.1171
1119,0.1169
1120,0.1168
1121,0.1167
1122,0.1165
1123,0.1161
1124,0.1156
1125,0.1152
1126,0.1148
1127,0.114
1128,0.1133
1129,0.1128
1130,0.1124
1131,0.1124
1132,0.1122
1133,0.112
1134,0.112
1135,0.1117
1136,0.1113
1137,0.1107
1138,0.1099
1139,0.1095
1140,0.1091
1141,0.1087
1142,0.1086
1143,0.1089
1144,0.1094
1145,0.1101
1146,0.1106
1147,0.1113
1148,0.1122
1149,0.113
1150,0.1141
1151,0.1152
1152,0.1162
1153,0.1174
1154,0.1186
1155,0.1199
1156,0.121
1157,0.1217
1158,0.1223
1159,0.1228
1160,0.1231
1161,0.1232
1162,0.1232
1163,0.1232
1164,0.1232
1165,0.1232
1166,0.1232
1167,0.1232
1168,0.1232
1169,0.1232
1170,0.1232
1171,0.1232
1172,0.1232
1173,0.1232
1174,0.1232
1175,0.1232
1176,0.1232
1177,0.1232
1178,0.1232
1179,0.1232
1180,0.1238
1181,0.1252
1182,0.1272
1183,0.13
1184,0.1333
1185,0.1374
1186,0.1422
1187,0.1462
1188,0.1496
1189,0.1524
1190,0.1544
1191,0.1558
1192,0.1564
1193,0.1564
1194,0.1564
1195,0.1564
1196,0.1564
1197,0.1564
1198,0.1564
1199,0.1564
1200,0.1564
1201,0.1564
1202,0.1564
1203,0.1564
1204,0.1564
1205,0.1564
1206,0.1564
1207,0.1564
1208,0.1564
1209,0.1564
1210,0.1568
1211,0.1574
1212,0.1584
1213,0.1597
1214,0.1613
1215,0.1633
1216,0.1655
1217,0.1675
1218,0.1691
1219,0.1704
1220,0.1714
1221,0.172
1222,0.1724
1223,0.1724
1224,0.1724
1225,0.1724
1226,0.1724
1227,0.1724
1228,0.1724
1229,0.1724
1230,0.1724
1231,0.1724
1232,0.1724
1233,0.1724
1234,0.1724
1235,0.1724
1236,0.1724
1237,0.1724
1238,0.1724
1239,0.1724
1240,0.1724
1241,0.1719
1242,0.171
1243,0.1696
1244,0.1678
1245,0.1656
1246,0.1628
1247,0.1596
1248,0.1569
1249,0.1546
1250,0.1528
1251,0.1515
1252,0.1505
1253,0.1501
1254,0.1501
1255,0.1501
1256,0.1501
1257,0.1501
1258,0.1501
1259,0.1501
1260,0.1501
1261,0.1501
1262,0.1501
1263,0.1501
1264,0.1501
1265,0.1501
1266,0.1501
1267,0.1501
1268,0.1501
1269,0.1501
1270,0.1501
1271,0.1497
1272,0.149
1273,0.1479
1274,0.1464
1275,0.1445
1276,0.1423
1277,0.1397
1278,0.1374
1279,0.1356
1280,0.1341
1281,0.133
1282,0.1322
1283,0.1318
1284,0.1318
1285,0.1318
1286,0.1318
1287,0.1318
1288,0.1318
1289,0.1318
1290,0.1318
1291,0.1318
1292,0.1318
1293,0.1318
1294,0.1318
1295,0.1318
1296,0.1318
1297,0.1318
1298,0.1318
1299,0.1318
1300,0.1318
1301,0.1318
1302,0.1315
1303,0.1307
1304,0.1295
1305,0.1282
1306,0.1264
1307,0.1245
1308,0.1224
1309,0.1209
1310,0.1198
1311,0.1192
1312,0.1187
1313,0.1186
1314,0.1184
1315,0.1184
1316,0.1182
1317,0.1179
1318,0.1178
1319,0.1175
1320,0.1173
1321,0.1175
1322,0.1175
1323,0.1174
1324,0.1172
1325,0.1166
1326,0.1161
1327,0.1158
1328,0.1152
1329,0.1149
1330,0.1148
1331,0.1151
1332,0.1155
1333,0.1159
1334,0.1158
1335,0.116
1336,0.116
1337,0.1158
1338,0.1151
1339,0.1143
1340,0.1138
1341,0.1135
1342,0.1131
1343,0.1125
1344,0.1122
1345,0.1125
1346,0.1127
1347,0.1128
1348,0.113
1349,0.1131
1350,0.1135
1351,0.1137
1352,0.1134
1353,0.1133
1354,0.1132
1355,0.113
1356,0.1131
1357,0.1132
1358,0.1134
1359,0.1139
1360,0.1146
1361,0.1149
1362,0.115
1363,0.1148
1364,0.1143
1365,0.1137
1366,0.1128
1367,0.1115
1368,0.1105
1369,0.1099
1370,0.1095
1371,0.1093
1372,0.1093
1373,0.1092
1374,0.1094
1375,0.1093
1376,0.1089
1377,0.1085
1378,0.108
1379,0.1076
1380,0.1075
1381,0.1076
1382,0.108
1383,0.1084
1384,0.1088
1385,0.1091
1386,0.1095
1387,0.1095
1388,0.1093
1389,0.109
1390,0.1088
1391,0.1085
1392,0.1083
1393,0.1082
1394,0.1081
1395,0.1081
1396,0.1081
1397,0.1082
1398,0.1087
1399,0.1092
1400,0.1097
1401,0.1106
1402,0.1113
1403,0.1123
1404,0.1128
1405,0.1133
1406,0.114
1407,0.1143
1408,0.1144
1409,0.1146
1410,0.1144
1411,0.1144
1412,0.1141
1413,0.1137
1414,0.1132
1415,0.1124
1416,0.112
1417,0.1117
1418,0.1116
1419,0.1118
1420,0.1119
1421,0.1124
1422,0.1132
1423,0.1136
1424,0.1145
1425,0.1157
1426,0.1175
1427,0.1199
1428,0.1226
1429,0.126
1430,0.13
1431,0.1335
1432,0.1364
1433,0.1387
1434,0.1404
1435,0.1417
1436,0.1422
1437,0.1422
1438,0.1422
1439,0.1422
1440,0.1422
1441,0.1422
1442,0.1422
1443,0.1422
1444,0.1422
1445,0.1422
1446,0.1422
1447,0.1422
1448,0.1422
1449,0.1422
1450,0.1422
1451,0.1422
1452,0.1422
1453,0.1422
1454,0.1422
1455,0.1422
1456,0.1422
1457,0.1422
1458,0.1422
1459,0.1422
1460,0.1422
